234666|7334|60622|6495|140311|22070|27797|18578|22210|44419|20743|7054|7543|5867|19276|6635|8591|20394|7403|103993|18857|6984|53080|84228|71657|17321|43651|6565|17740|46514|66838|28146|26470|6355|64254|16552|16971|6635|18578|461721|41835|61600|40578|29124|16832|16063|7682|6355|39460|7124|54686|17111|47492|17112|6495|26889|21092|16622|51263|44070|44070|49866|13339|6355|7473|36667|47492|16832|49099|8102|47981|30870|44838|35270|16203|5867|16203|24025|5727|69073|34571|16342|33035|27238|16203|6635|40927|95962|6355|7683|28077|6076|54337|16343|22349|31289|17740|17740|14876|6077|
15365|5867|30381|5727|44000|13060|16831|14947|17460|22768|13829|6007|5797|9150|19626|6076|6006|13759|5587|73194|14248|5587|31778|42533|41905|12571|38762|6774|15714|32686|43092|12711|12851|5308|39250|12851|13759|5727|13270|24235|20324|40927|26191|20184|13200|12292|5448|5657|29962|5377|44628|12781|41066|12432|5588|22280|16273|13061|42813|39530|56223|47143|5937|5937|5937|34013|43581|13829|59435|5238|44070|27588|86743|29682|37715|12502|12082|17670|12153|48819|26959|11803|32965|22489|12711|5587|20114|28565|5028|4959|20114|4958|43022|84577|14806|23956|10336|19835|10057|5098|
9987|4610|17530|4609|27378|8381|10825|8381|9918|19905|9219|5028|4470|4470|9150|4889|4610|8450|4679|24724|9219|4540|16553|23467|23188|8520|18508|4609|8450|18438|24515|8940|8870|4889|93866|11524|10965|5447|12292|16342|12711|26051|20045|12851|9848|10546|5517|7542|23606|5796|36666|9638|30730|9848|4819|14946|12990|11593|24724|23397|24026|25003|6565|5797|5518|25701|46794|10057|24654|5448|25911|16413|30521|26889|16064|12223|16413|18369|6286|29194|21511|12641|17181|14876|8800|4680|12222|15644|4749|5238|13200|4680|26470|8241|8311|15435|9917|10127|8381|4540|
15016|5448|18718|4959|27029|9009|10965|9499|11034|27378|11454|6355|5168|5029|11174|5447|5029|10127|5169|34432|9428|5727|22489|25771|30101|10127|21720|5308|10127|23397|39740|12990|10267|5448|66978|10057|9079|5099|9079|21651|12781|26260|22699|19975|9917|8661|4888|5587|23117|5099|29962|23746|27517|9568|6425|18438|25771|21231|23187|21162|20883|21301|4749|4819|5727|23048|24584|7194|21581|8241|59714|18648|24095|20673|8520|8660|14806|12571|5238|187384|22070|12781|24305|29473|20323|6635|60553|22000|6146|3771|10058|3911|33664|6425|5936|12781|8381|8591|6006|3632|
10057|3841|17390|3911|21581|5657|7124|6495|7193|9708|5866|3771|3492|3701|5308|3771|3353|5308|3561|20393|5238|3422|11873|19276|19137|5867|17041|3562|7054|13968|19625|5797|5099|3213|19136|5797|5867|3422|5658|12711|9847|19416|11594|11943|5378|5377|3142|4261|13060|4679|20114|5308|19346|5308|3353|17460|6915|6495|30381|18788|20603|19765|3422|4400|3423|12711|20254|5308|19625|3422|19416|13759|19765|13549|6006|3492|5587|7473|3492|19904|12990|7752|13130|9918|5936|3492|9289|12502|3562|3562|9428|3493|19975|6006|5587|12571|6425|6774|5238|3422|
5447|4191|15715|3772|23536|5936|7054|9569|8661|11594|6356|3771|4820|4051|6495|5028|3911|6006|4120|24374|5657|4051|14038|20045|19625|5518|15085|3701|5657|14666|19905|5797|5029|3283|19276|5518|6285|3492|5727|9708|9149|19416|11523|9009|5517|5099|3282|3073|12851|3562|19695|5727|21092|5378|3213|9429|6914|6077|19905|20743|22279|20813|3911|3981|4400|14806|23327|5797|21232|3492|29264|14597|22489|13758|6006|3422|5657|7823|3352|21301|12921|5308|12642|9568|5797|3422|9149|13270|3422|3352|9359|3283|19695|5378|5238|12222|6495|6844|6216|3283|
5936|3213|11873|3213|19765|5448|6844|5448|6705|10476|5308|3282|3142|3213|6984|3701|3143|5238|3562|20463|5937|3283|12152|20394|19346|6076|14597|3632|5657|14317|20813|5587|5098|3353|19206|5587|5518|3283|5308|9778|9009|20324|267632|13130|6356|5936|3911|3282|15644|3492|23397|5587|20464|5657|3632|9288|7474|6007|19905|19067|47143|23327|4470|3631|11174|16832|27727|5587|27029|3562|19277|11664|19485|14946|6077|3352|6076|8102|4888|21721|15016|5937|12920|10406|6006|3562|9778|12642|3702|3352|9498|3352|23467|5517|5657|13340|6635|6635|5099|3422|
5657|3282|11873|3213|19765|5308|6635|6775|6984|9847|5448|3492|10127|3562|5448|3772|3422|5168|3561|21581|5517|3352|12362|19416|19137|5658|14597|4540|5657|14946|20324|7473|8730|4400|22838|7054|5866|3422|5658|10895|9149|19485|12990|8870|5238|5518|3352|3213|13689|3702|19975|5377|19276|7892|3353|9499|7543|5867|20114|19136|19346|19276|4261|3422|3353|15086|19346|5377|19206|3701|19206|11524|19695|13200|5797|3492|5518|7683|3422|19625|12641|5727|12362|9569|5797|3492|9150|14946|3632|3562|9429|3352|22140|5937|5448|12362|6356|6775|5098|3353|
8102|3212|13479|3353|19975|5238|6704|5657|7123|9429|5308|5727|3492|3282|7613|3771|3143|5238|3562|20254|5378|3562|12292|19276|19136|5866|13828|3492|5517|13270|19136|5727|6146|3632|19625|5658|5936|3282|5797|10057|29054|20463|12501|9219|5238|5098|3422|3073|13409|3492|19485|5378|19207|5238|3282|9080|6705|6355|19626|20813|19136|18996|3353|3422|3283|13619|19416|5168|18997|3562|19626|11873|19416|13410|6007|3422|5518|7333|3492|20882|12641|5657|12711|9778|5936|3423|10057|12222|3911|3492|9289|3353|20115|5448|5308|12222|6285|7473|5239|3353|
6565|3143|12292|3353|19905|5238|6634|5308|26331|10825|5657|3422|3352|3352|5238|3771|3143|5238|3632|21581|6146|3562|15225|80946|20603|8800|27308|4469|6915|19625|28984|6216|5238|3632|19626|5936|6146|4539|9848|14527|10267|21092|15715|9777|5447|5169|3631|3353|14806|3561|19905|5448|19415|5168|3422|9219|7403|5936|21930|19206|20324|19067|3492|3562|3423|16412|19485|5029|18578|3283|18927|11733|20045|13060|5867|3561|5448|7892|3422|19276|12012|5657|12501|9358|5797|3492|9289|12502|3422|3352|9149|3353|19765|5377|6285|12362|6215|6635|5098|3353|
5308|3073|11594|3212|19834|6565|7542|5448|7893|11035|6146|4121|4050|4121|15155|5657|3981|6914|3981|35130|6705|3352|51123|23467|64533|8939|18229|4190|6844|18368|22140|6705|5936|4261|26120|6914|7473|4470|6915|14038|9987|22000|16273|9917|5936|5936|3771|3981|16622|3911|21511|6705|21232|6985|4400|12641|8870|7194|26190|21720|21372|39531|4260|4260|4330|31708|31848|7263|21232|6565|26749|14108|20812|18997|6146|3632|6216|13340|4330|21650|17670|6356|13689|13130|5937|3562|9080|20254|4679|3981|11943|11035|25283|7473|6286|13689|8241|8521|5797|3702|
6076|3492|15645|3632|21372|5518|6845|6844|7264|10407|5937|3911|3632|3701|5447|4051|3492|8171|4470|23956|7193|4400|13480|20254|19555|7753|17251|3841|5797|15923|19975|7264|5308|4120|22558|6146|6775|3771|6495|12851|11315|22977|12851|9499|5448|5448|3632|3282|14108|3771|22280|5448|19975|5378|3562|9359|7612|6076|21931|19416|19207|19347|3561|3631|3632|15016|20813|5447|19905|3631|19346|12013|19556|18927|8451|3981|7682|10685|3980|25143|15085|6286|15086|11873|6146|3911|9569|12502|4680|4051|11524|4051|24444|7752|7054|15644|7752|9638|5797|3911|
6076|3772|15365|3562|24514|5517|6845|5936|7403|11804|6146|3771|3632|4121|5517|3771|3352|5308|4609|25353|5657|3492|13200|20044|19555|6006|18857|3842|6705|14946|19626|5937|5378|3492|19626|5936|7263|3771|5866|10685|9289|20673|12362|9149|8521|5517|3631|5098|15923|3912|22139|5518|19975|5448|4051|13340|7543|6216|20883|19276|20813|20813|4749|3841|3701|19137|21441|5937|19905|3771|19625|13131|19765|21302|6566|3981|6425|9079|3702|21930|15854|6216|13200|11314|6076|3911|10826|12781|3911|3562|10546|3562|20254|6006|5727|12292|7473|6915|6355|3561|
5867|3352|11942|3143|20114|5378|6844|5378|7334|10756|5448|3841|3632|3561|5378|3842|3423|6915|3772|20603|5168|3422|12223|20743|19556|5936|15575|3911|5588|13968|19485|5867|5308|5866|19416|5937|5797|3632|5447|13689|11733|28425|16692|11174|13828|5378|3632|3422|23886|3632|28286|6076|27588|5447|3632|9358|7264|5937|19835|18717|21162|19206|3562|3701|3562|16412|20045|5238|21860|3771|19067|11733|19486|13688|5937|3632|6705|8520|3492|19695|13270|5727|12921|9847|6845|3562|9150|13061|3841|3562|9638|3422|20813|5727|6775|14039|6774|6844|5448|3423|
5657|3422|12642|3282|20673|5378|7962|5447|6984|9568|6495|5377|3562|3492|6984|4400|3911|7403|3841|22559|5727|3492|13200|19695|19765|7124|15295|3632|5727|13899|20533|6984|6077|3841|22559|8521|6984|4470|6775|12502|9288|22070|15016|11734|8730|5308|3353|3492|15924|3492|23955|6356|20673|5937|4749|10336|7613|6146|21162|19346|19277|19206|3632|3631|3492|16203|37156|5657|19556|3632|22070|15784|21860|15086|6146|3701|5727|8521|3561|20464|14387|6146|12921|10686|5867|3701|9289|12293|3562|4400|12362|3561|20673|6216|5447|12292|6495|7613|5099|3282|
5727|3423|11593|3771|21301|4958|6566|5168|7683|9149|5028|3492|3143|3353|5028|3492|3073|5168|3422|19975|5099|3283|13758|19206|18997|5448|14667|3632|5238|13549|19206|5727|4819|3073|18718|5657|5448|3143|5378|9289|9917|20114|11244|8800|5517|4819|3073|2933|12641|3143|18717|5866|18857|5029|3073|8800|6705|5378|19346|19206|18439|18508|3213|3143|3352|12711|19276|5796|19067|3073|18648|11175|18508|12292|5517|3073|5029|9498|3212|18927|11524|5098|12083|10336|5238|3283|8730|12502|3212|3143|9219|3003|19207|5168|5936|11803|6007|9219|5308|3283|
5308|3073|11734|3073|20044|5867|6355|4819|6845|9289|5029|3142|3004|2933|5029|3282|3003|4889|3283|20883|5098|3632|11664|19206|18647|5377|14178|3283|5168|13270|20044|5238|4959|3073|18578|5098|5308|3981|5029|9149|8591|19067|11245|8731|4889|5588|3003|3283|14178|3073|19137|5588|19486|5168|3003|9009|7473|5168|19415|18438|18368|18648|3143|3142|4121|12781|30171|5308|18787|3143|18648|11523|19416|14527|5657|3422|5727|7892|3213|19625|13549|5168|12432|9428|5377|3353|8870|11804|3282|3213|9289|3213|19276|5308|5797|12083|6635|6565|5238|3212|
5448|3073|14807|3282|19835|5168|6775|5098|6495|9079|6076|3353|3073|3073|5099|3353|4191|5238|3352|20463|5238|3073|11594|18927|19765|5518|13619|4470|5448|13339|22350|5657|4958|3073|21650|5588|5727|3702|5796|9708|8800|19276|12571|8940|5029|5029|3142|3073|12781|3492|19276|5028|19067|7403|5098|11943|11733|6565|28216|19974|19277|19556|3701|3422|3492|15714|22280|5587|20534|4540|19346|11804|18997|14736|5797|3632|5797|9778|3353|19276|15155|5796|12362|9778|5658|3492|8940|12362|3492|3282|9289|3492|20114|5447|5448|12082|6565|6635|5028|3212|
5588|3352|11244|3283|19486|5029|6565|9358|8172|9708|5238|3422|3352|3492|5308|3492|3212|5168|3632|21161|5238|3353|12920|19625|18858|5587|15016|3702|5377|14178|18997|8381|5238|3143|19276|5657|5866|3562|5448|9918|8800|21511|12712|9009|5587|5308|3213|3212|13899|3562|20813|5238|19136|5308|3282|9289|8311|5727|22140|18717|18717|18718|3422|3423|3352|14318|22629|5168|18996|3562|18787|11873|19346|13899|6775|3213|5657|7962|3422|20114|13130|5448|12502|9708|5657|3422|8939|12851|3562|3213|9429|3282|19625|5378|5239|12362|6635|6565|5169|3282|
5518|3212|11454|3073|22349|8940|8311|6286|7473|12781|6635|4050|4051|5447|7403|4330|3492|5866|3632|28844|6146|3562|16203|19486|19137|5727|17600|3842|8102|19486|21790|5936|5168|3632|19835|5937|7124|3911|6286|12990|9498|20883|14318|9219|6216|5098|3283|3353|15016|3422|19835|5727|19346|5098|4050|10267|7473|5797|19695|18438|18647|18718|3771|4260|3422|15295|19067|5168|19136|3422|18927|12501|18578|14387|5866|3632|5378|11733|3702|26749|17530|5936|12711|10546|5937|3492|8800|12082|3631|3352|10546|3282|20254|5517|5937|12292|6425|6914|5168|3143|
5587|3073|11594|3422|19346|5168|6565|5308|6704|10267|5098|3422|3422|3143|5098|3632|3423|5238|3423|21860|5168|3353|13898|20185|18927|5727|14317|3492|5308|12781|19276|5588|5028|3911|18857|5797|5797|3771|5797|10127|8939|21162|12781|8939|5168|5168|3213|3352|14876|3562|24165|8311|23257|5517|3352|9917|7264|5727|20044|19626|27378|19556|3841|3492|4959|19625|22000|5517|20812|3701|19067|12153|18717|14876|5797|3422|6914|8102|3353|19695|14108|5797|12502|10756|6635|3492|12292|12502|3842|3492|9498|3282|19905|6146|5447|13480|7264|6495|5168|3353|
5936|3212|13898|3353|22000|5098|7753|5658|6635|9987|5447|3771|3632|3423|5308|3841|4470|6146|3701|28076|6774|3562|14107|20463|19137|5657|15854|3632|5378|15644|19975|5727|5238|3771|19975|5657|5936|3493|7962|10826|8939|19346|11873|8870|5797|5099|3143|3213|12781|4400|19277|5308|19346|5168|3422|9220|7403|6565|20394|18718|19137|18718|3282|3492|3353|15086|19765|5168|19067|3632|18858|11873|18997|17251|6425|3492|6286|9847|4260|23816|16971|11174|16273|54686|10266|5657|12432|16343|3841|3632|9918|3353|33594|6286|5448|12781|7404|7752|7474|3911|
6705|3702|15155|4330|21302|5169|6495|5727|7054|11245|5727|3771|3562|3492|7753|3841|3282|7752|3702|22768|6146|5448|13410|21721|26610|6565|17111|3842|5657|18228|20464|5727|4958|3142|19067|6565|5797|3422|5727|10058|9149|19136|12571|13270|5308|5098|3283|3073|12572|3353|18927|5098|20604|5168|3771|8940|6844|5797|19556|18578|18717|18927|3352|3492|3213|13200|19136|5098|18508|3282|20253|11454|18648|14108|5727|3143|5448|7473|3352|19625|13759|5797|12851|10756|5657|3423|8940|12223|3562|4120|9289|3213|21022|5937|5448|13130|7892|8031|5238|3492|
5797|3143|13410|3352|23397|6984|6844|5378|7333|11174|5448|3282|3423|3562|5168|3702|3702|5378|3562|23187|5447|3422|13479|19137|18787|5727|16203|3632|5377|16762|18927|5587|4889|3283|18648|5657|6006|4679|5657|9638|24025|25841|15085|11803|6425|6566|3632|3283|15435|3701|20813|5727|18927|5098|3492|9219|8101|5657|19346|19556|19137|19905|3422|3422|4330|15365|18717|9289|25073|3841|18788|11803|20813|16343|6216|3492|5587|8032|3702|20883|16762|6286|13061|11035|5867|3771|9010|12152|3562|3423|9638|4469|20813|5796|5447|12013|6915|10895|6565|3562|
5866|3283|15923|3492|22489|5238|7683|7473|7054|10686|6286|3492|3562|4260|5098|3631|3143|5378|3492|20953|5448|3562|13270|20184|20323|5587|16831|3701|5378|15435|19276|5727|5099|3213|24794|7753|7543|3562|5727|10616|9010|20114|13479|9009|5238|5797|3422|3142|14108|3632|19346|5657|19206|5448|3632|10197|7263|5797|20254|18648|19067|19206|3282|3492|3283|16063|19695|5518|18577|3561|18647|11664|18787|14248|6007|3492|5797|8521|3772|19835|17460|6565|15645|13340|6146|4400|9150|12571|4331|3562|9499|3492|28006|5866|5448|12851|8031|6914|5377|3352|
5797|3213|13339|3213|19835|5168|6426|6425|6705|10686|5658|3492|3492|3283|5099|3492|3212|5308|3422|20743|5308|4191|12153|19276|18997|5587|15156|3422|5378|14108|19695|5867|5169|3212|18997|5587|6495|4190|6356|12083|10127|21721|31847|11245|8451|5797|4190|3422|16692|3631|81645|7193|20185|5587|3702|10127|7263|5937|20952|18717|19136|19136|3422|3352|3492|16692|19974|5168|18788|3422|18717|11524|18717|14667|6216|3492|5727|8311|3492|19905|14038|5727|13409|9987|5657|3422|9079|12292|3702|3283|9847|4540|23885|6845|5517|15156|7404|7264|5448|3353|
5937|3143|13410|3143|22768|5168|6425|5587|6774|10058|5797|3493|3353|3492|5099|3702|3562|5308|4260|20952|5308|3282|11943|19206|18997|5657|16693|3422|5587|13339|19066|5658|4959|3142|18648|5587|5797|3702|6215|9917|8870|19276|11384|8939|6356|5378|3283|3003|12362|3423|19136|5098|18788|5168|3073|9708|6566|5796|19136|19067|18857|18648|3353|3422|3423|12571|19206|5028|18438|3213|18717|12432|19067|12641|5797|3423|5378|7823|3353|20324|11663|5936|12292|9150|5657|3352|9010|12920|3423|3212|10127|3213|19485|5518|5098|12012|6286|6426|5867|3212|
5308|3283|11734|3213|19555|5098|6425|5378|6635|10057|5169|3283|3213|4609|6216|3632|3282|5378|3423|21581|7962|3492|12362|20324|20394|6006|14946|3422|5658|14248|22838|5936|4959|3422|18997|5378|5936|4330|6076|11454|9079|20604|12991|8940|5238|5588|3422|3282|14807|3492|19834|5587|19066|79898|7892|30311|16413|6425|35480|20533|25353|19695|3632|3492|3562|17321|20883|5867|18927|4330|19485|11664|19136|18997|5937|3492|5797|8241|3422|19415|15854|5727|12362|11734|5937|3702|8870|12013|3702|3283|9429|3143|20324|5587|5447|12920|6565|6495|5029|3282|
5867|3143|11594|3003|19765|5098|6495|5377|6705|9918|5238|3771|3422|3422|5308|4609|3492|5588|3492|24025|5517|3282|12502|19067|18927|5517|14667|5727|5378|14946|19695|6286|4959|3213|19276|6635|5727|3492|5867|10756|8870|19346|12082|8939|5308|5238|3492|3282|14806|3632|21371|5378|19765|5308|3562|9638|6984|5657|19765|18578|19207|18857|4330|3493|3562|17111|19066|5168|18578|3702|18718|11523|19346|14946|6704|3492|5936|7752|3353|19905|15225|5867|12571|10686|6006|3632|9009|12432|3492|3352|9288|3143|22210|7055|5588|13550|7263|6844|5238|4470|
7123|5029|20464|4261|29893|6914|9220|18858|16552|14178|5866|3562|3492|3492|5937|3841|3842|61111|4540|31080|6495|3981|17111|19975|19276|5727|16971|3842|5587|18089|19555|5727|5866|3562|19067|5657|5936|3772|7612|12223|8870|20533|12362|9009|5308|5098|3283|3283|12990|3352|19346|6356|19137|5168|3562|9149|7473|6146|19556|19625|19695|18927|4889|3631|3422|16203|22279|5517|18997|3492|18927|11454|18857|14667|5727|3422|5587|7962|3422|19276|18089|7054|23118|11943|6495|4191|11035|13619|4121|4051|10337|3911|23886|6565|6286|13339|7893|7962|6216|4051|
6356|3701|14527|3702|22280|6007|7473|6425|23746|16552|7683|4609|4260|4191|7124|4470|3981|6774|4470|39181|6774|4400|19835|20742|25352|6635|23467|4260|6565|23397|23467|6006|5169|3771|19835|5588|6076|3771|5937|46025|10616|20673|15225|9499|5238|5657|3422|3213|15574|3562|23327|5587|19416|5098|3353|9289|7473|5867|19835|18927|18996|18787|3283|3841|3771|19276|20813|6704|24445|3912|18997|12083|20464|17042|5797|3702|5867|8451|3422|19346|15644|6007|12641|11803|5797|3632|9289|12292|4050|3701|9569|3213|20254|5657|5378|16552|7473|8940|5308|3352|
6146|3073|13759|3143|20394|5239|6426|5937|6705|9848|5797|3492|3422|3632|5238|3702|3911|5029|3422|20534|5098|3352|13619|23746|20742|6635|18577|3772|6006|15295|20185|6216|6285|3213|22140|5727|5937|3562|5797|10476|8940|19067|13759|9150|4958|5029|3213|3213|13339|3492|19485|5238|19276|6774|3631|8940|7613|6146|21162|18927|18647|19556|3422|3492|3353|13968|19415|5378|18927|3352|18578|11314|18926|12921|6355|3562|5657|7543|3422|19416|12711|5727|12502|9428|5657|3352|8870|12222|4470|3492|9289|3283|19136|5517|5517|12152|6705|6426|4958|4051|
5658|3003|11244|3143|19206|5099|6426|5447|6635|9079|5168|3212|3213|3422|5378|3492|3212|5587|3352|20184|5029|3352|11733|18997|20184|5448|14038|3352|5308|13340|20394|15505|5238|3073|21511|5657|5797|3771|6635|11454|9009|20044|15016|11244|5448|6705|3422|3352|14737|3352|21092|5377|19905|5098|4191|10546|7893|6635|21791|18508|19555|18857|3423|3422|3422|16762|23118|5448|18788|3632|18927|11594|23396|15435|7054|3492|5867|8521|3422|19695|14806|7263|12921|10686|6006|3561|9149|12222|3911|3283|9498|3422|21442|5588|5377|12571|8311|8031|6216|3492|
5867|3213|14038|3911|23606|5168|6634|5447|6844|9918|5727|3492|3492|3492|5168|3632|3143|6146|3492|20534|5448|3352|12362|19276|19975|5936|16273|3771|6705|15435|19485|5727|4889|3353|18857|5517|6984|3562|5797|10406|9010|20184|13549|10057|7962|5657|3631|4190|14527|3562|20673|5448|19346|5029|3562|9568|7264|5797|19626|18508|19137|18997|3352|4400|3423|13968|19626|5587|18997|3352|19207|14247|19136|13200|5867|3632|5517|7962|3283|19206|12781|5518|12711|9568|5797|3562|8870|12082|3282|3632|9429|3143|148273|8800|6705|14806|7892|18648|6774|3841|
6076|4120|13689|3283|22977|5099|6495|5447|6635|10616|5797|3702|4120|3632|5238|3632|3282|5168|3492|20324|5168|3702|12990|19067|18717|5517|15504|4260|6984|15854|20044|6426|5099|3632|32756|6984|7892|23606|7753|56502|10965|22698|15435|9219|5448|5168|3422|3353|15714|3352|19486|5588|20673|6006|3562|9778|7752|5727|20324|19067|21581|19206|3352|3352|3282|16273|19067|5098|19904|3562|18718|11384|18997|14248|6635|3422|5727|8241|3283|20673|15854|5658|12851|10267|6914|3631|9149|13200|3562|3143|9149|3213|20254|5587|5378|12222|7612|6914|5447|3283|
5588|3213|59086|4261|22769|5168|7124|5797|6844|10266|5378|3422|3422|3493|5308|3562|3143|5727|3631|20394|5378|3353|12222|19975|18647|5447|15505|3492|5238|18228|20324|6635|5029|3073|18996|5657|5727|3352|5727|9917|9009|19416|11384|8870|5099|5029|3073|3073|12641|3352|18996|4958|19277|5099|3213|9219|7054|6635|22698|18857|19625|18997|3282|3423|3282|14597|18857|5168|18927|3423|18787|11384|19555|16133|5866|3353|5518|7892|3422|19416|15016|6286|12991|10476|6006|3562|8870|12153|3422|3352|9149|3213|19765|5587|6984|12501|7193|6635|4959|3283|
5518|3143|12012|3422|19835|5169|6565|5378|6634|9568|5657|3492|3701|3561|5238|4400|3213|5238|3911|20673|5169|3352|12431|19067|19276|6355|18228|5378|6914|18577|22279|6286|4889|3562|19485|6635|6076|3911|6705|12083|9220|19765|14597|9079|5238|5098|3562|3352|18368|5308|23885|7682|20184|5308|3422|9708|8381|6426|19696|18578|19066|26889|3562|3492|3213|18508|19346|6146|19137|3981|19346|11593|18787|15994|6146|3492|5657|8800|3702|19905|18927|6076|12851|12781|6076|3842|9079|12362|3702|3841|9708|3282|24444|6076|5727|12362|7403|7054|5238|3492|
6426|3212|12571|3422|19625|5099|6426|5378|6705|9150|5936|4470|3492|3632|6216|3562|3283|5098|3352|20044|6146|3492|12362|18927|18787|5797|16413|3562|5518|14317|19276|5727|6774|3352|19137|5936|5727|3352|5797|10337|9009|19136|12013|8800|4959|5099|3143|3213|13061|3353|18858|5308|18857|5588|3282|9080|7054|5587|19556|19765|18578|18648|3213|3492|3631|13340|30381|6077|20394|3841|23676|14108|32127|16273|10616|3981|5797|8660|3492|19695|14806|6006|12641|11314|5797|3632|10267|12222|3492|3352|9079|3213|19626|5517|5238|11873|8311|7543|5028|3213|
5657|3073|11454|3282|19346|5168|6496|5378|6984|9219|7892|3632|3492|3562|5447|3562|3213|5098|4330|21511|5099|3283|13270|18997|18717|5727|14737|3492|5448|14527|19136|5517|4959|3142|19974|6355|5797|3352|5517|11315|10267|19556|11943|8870|5169|4959|3143|3003|13479|3422|19137|5168|19136|5098|3213|9079|7124|5657|19346|18648|20324|19136|3423|3353|3353|13898|18927|5168|18717|3492|18648|11524|20184|13969|5937|3282|5587|7962|3422|19136|13688|19905|23886|15155|6356|3981|9149|12851|3702|3492|9289|3702|27588|5797|5867|12571|7543|7892|5657|3632|
6007|3282|16483|4191|21511|5308|6496|5727|6635|10127|5727|3422|3492|3561|5238|3702|4051|5307|3632|22698|5378|3422|12781|19137|18857|6215|17042|3632|5587|15715|19835|5657|4959|3283|20114|5657|5727|3492|5727|11035|9010|19416|12641|9498|6705|5308|3632|3213|13270|3353|20184|5238|19137|6425|3282|9149|7334|5727|19486|18508|18927|19835|3352|3422|3353|13828|18997|5098|19835|3282|18788|11523|18857|13060|6006|3841|5517|7822|3631|19346|13619|5587|12571|9428|5797|3493|8869|12082|4470|4400|13200|3492|21790|5447|5448|13200|6286|7054|5099|4121|
5517|3143|12920|3142|19905|5169|6705|5239|6984|9917|5657|3771|5168|3631|6775|6285|4400|5867|3562|24514|5587|3492|14387|19416|20254|8731|18578|3772|5797|16692|21721|7054|5727|4191|20882|6077|6076|3771|6286|12991|9289|20184|19136|9638|5308|5448|3841|3632|16413|3841|30311|6146|19416|5937|3911|10546|7962|5866|20114|18577|18997|18717|3282|3492|3352|16623|19207|5588|18997|3562|18717|11454|18857|26330|7054|3911|5587|8450|3492|19486|15785|5797|12781|9987|5727|3492|8939|12153|3492|3353|9429|3353|19765|5517|5377|12152|7543|6845|5308|3492|
5936|3143|13759|3492|20743|5098|6775|5867|7054|9638|5797|3562|3422|3562|5377|3772|7752|7403|7054|30940|699321|5657|22000|36876|93377|6914|17251|3981|7194|18019|19486|5937|4959|4191|24096|6216|6356|3981|6216|14527|9219|19835|13130|9080|5098|5168|14178|4959|15854|3981|23257|5378|19346|5447|3422|9568|7612|6007|19556|18438|19206|19974|3352|3562|3562|15505|20184|5447|18648|3562|18648|11454|18857|13759|5867|3492|5657|8171|3492|19625|14876|6077|14108|10057|6006|3422|8870|12222|3492|3283|9289|3283|20254|5658|5587|12013|6844|6565|4959|4679|
5657|4050|11594|3142|21022|5098|6495|5447|6845|9219|5308|3562|3282|3282|5028|4400|3003|5029|3422|20254|5168|3282|12082|21371|24026|6635|16552|3562|5658|14527|20324|5936|5029|3073|18927|5587|5796|3562|5727|9987|8870|18997|12362|8870|4958|5238|3562|3562|20393|4121|22070|5378|20534|5378|3632|9847|7473|6076|19696|18578|20184|18787|3632|3422|3352|16203|21162|5378|21791|5866|19206|12152|18787|16901|6146|3701|6775|8591|3422|20324|16273|5936|12572|12152|7054|3701|9149|12921|3701|3981|10057|3561|27168|6146|5797|15155|7403|7054|5587|3353|
6006|3213|14038|3282|20184|5028|7753|5378|6774|10127|5238|4400|3631|3702|5588|3701|3213|5238|3492|24794|6634|3492|13409|19206|18718|5587|16552|3562|5308|16273|19905|5727|6565|3352|46166|6007|6076|3422|6914|11734|8939|34082|14876|9358|5447|5099|3352|3283|14946|4330|20533|5657|20533|5238|4050|9917|7333|6915|19835|18578|18717|18718|3283|3492|3283|16762|19136|5308|19346|3492|18927|11663|18997|14946|6285|4051|6146|7892|3423|19625|14108|6635|15086|10685|6076|3422|9079|12432|3492|3213|9498|3492|21651|6006|5587|12292|6495|8171|5378|3353|
5727|3004|13758|4121|20883|5168|6774|5378|6984|10406|5378|3422|3353|3283|5169|3632|3213|5937|3772|20952|5448|3422|13060|18927|19137|6705|17320|3701|6007|16901|19486|5937|16552|12152|53568|8521|8101|4819|8870|16064|11175|28635|19415|11244|6844|6426|4470|4540|39949|6006|34851|7403|22838|6216|4819|12781|8172|6077|20394|18717|19137|20184|3492|3492|3422|18578|20953|5867|19555|3841|20743|14806|19556|17879|5936|3562|5936|8311|3492|19975|16413|5867|13479|11873|5797|3702|9149|12502|3562|4191|9288|3283|22000|6076|5587|12571|7333|8032|5098|3562|
6076|3282|13479|3492|22628|5308|6705|5517|8031|10127|5378|3492|3283|3562|5098|3701|3213|4958|3422|21162|5308|3632|13340|20673|18857|6146|16622|3842|5587|16063|19626|6076|5099|3352|18788|5727|5727|3422|5727|10546|9848|19207|11454|8870|5168|4959|3282|3492|12781|3422|19486|6076|18927|5098|3282|8940|7543|5796|23536|19695|20603|18857|3353|3422|3492|13340|19486|7542|19346|3492|19137|12990|19346|14806|5797|3353|5448|8172|3422|19695|13689|5587|12362|13479|5727|3492|9149|12292|3422|3283|9638|3492|19626|5727|6705|12083|6775|6774|5098|3143|
5727|3003|12083|3282|19695|5937|6426|5378|6914|9499|5308|3911|3562|3492|5308|3561|3282|5168|3422|21442|5098|3283|11873|20114|19137|5657|15295|3562|5448|16483|18857|5797|5029|3353|18997|5657|6565|6355|7054|11524|13409|23118|14387|9219|5378|9568|3492|3283|16413|3701|20184|5727|19346|5168|3771|11454|9987|5797|20114|18927|18857|20324|3562|3492|4540|17111|19276|5517|18927|3842|18717|11524|20045|14457|5796|3701|6146|8242|3352|19765|15505|5727|12432|10127|5727|3632|8870|12292|3492|4330|12083|4749|23118|6006|5866|14248|6984|7752|5657|3422|
6565|3212|14946|3492|20533|5168|6565|5308|6844|9639|6775|3631|3492|4540|5378|3702|3422|5098|3841|22070|5378|3562|13270|19067|20324|5866|16622|3352|5517|15435|19416|5727|5028|3212|20045|5657|6076|3423|5937|10755|9708|19835|13829|9010|5099|5098|3212|3212|13968|3492|19625|5448|18927|5168|3283|9079|7194|5936|19416|18648|18508|19555|3422|3632|3422|14457|19136|5168|18647|4330|18787|11454|18787|13340|5797|3423|5587|9010|3631|19137|12711|5657|12292|10057|5657|3561|8940|12292|3492|3352|9289|3143|19695|5378|5517|12083|7682|6914|5168|3213|
5797|3213|11803|3283|20323|5098|6844|6356|7054|9498|5308|3492|3353|3702|5308|3911|3282|5308|3422|26190|5658|3423|12991|19067|20463|5867|18996|4959|7683|33594|25492|6774|5867|4680|35131|15155|7054|4120|6356|15016|9010|21860|18019|9359|7264|8800|4400|4470|29612|3911|40857|6705|20812|5378|3702|12571|7613|5727|20533|19346|19067|18927|3422|3632|3492|18019|20813|5308|18927|4260|19276|11454|18858|15854|5866|3562|6635|8451|3422|19835|15854|5797|13828|10686|5796|3562|9080|12222|3492|3282|9917|3283|20533|6565|5448|12501|7124|7123|5169|3353|
6286|3213|14457|3422|23676|5029|6775|5587|6565|10825|5727|3772|3492|3562|5448|3771|3352|5168|4540|20953|5447|3423|12850|19346|18997|5588|17739|3771|6635|16413|19276|6006|4889|4191|19765|5727|9149|3701|6215|11105|9009|19486|13270|8939|6076|5168|3143|3212|14039|3422|19555|5517|19066|4959|3772|10477|7473|6076|20394|18648|18857|18927|3283|3562|3282|16133|19137|5587|18578|3632|18857|12431|18718|14736|5657|5308|6146|8381|3492|21581|14806|5936|12711|10826|5727|3562|8940|12013|3632|3213|10127|3213|19555|5517|5448|12222|8800|7264|6146|3422|
5657|3073|11594|3004|19416|5168|6635|5447|6775|10057|5098|3282|3282|3492|5308|3771|3213|5168|4400|22838|7892|3702|14038|23118|21441|6914|17391|4121|6425|17949|21232|5866|5098|3492|19485|5727|6076|3702|6076|11175|9708|20883|13339|8800|5098|5028|3143|3283|13200|3353|19486|8311|19765|5168|3492|9010|7613|5797|19485|18508|18787|19206|3632|3492|3282|38273|48889|7683|21861|4888|21302|15365|21162|23955|7404|4680|7893|10267|4400|32197|18997|7682|18718|14806|10337|4680|10826|16343|5099|5029|11104|4190|33943|9010|7194|17810|9009|9149|6774|3911|
6635|3842|17670|4121|29334|6216|7753|6634|7752|13479|6775|4330|4121|762248|10476|4539|3981|6774|4400|34572|6565|4190|18089|20813|47702|6705|19416|5028|6285|19626|47143|8870|7683|4540|23886|7961|7124|4470|7054|15085|9918|22350|17181|10267|5866|5867|3981|4261|19975|4261|23467|6146|20813|5867|4121|11314|8311|6775|26679|19765|19416|19486|3492|3422|3631|18368|19137|5447|18648|4400|20743|11523|21232|15714|5797|4191|6425|8101|3353|19765|15715|6076|12642|10616|5796|3422|9149|12362|3423|3283|10057|3422|24165|5378|5587|12711|7333|7194|5308|3353|
6914|3213|12711|3282|20883|5308|6775|5378|6705|9988|5657|3562|3912|3422|5448|3702|3213|5936|3841|23607|5867|3841|13410|19346|18927|7543|17670|3771|5727|16832|20673|5797|6076|3841|19485|5797|5937|3422|5937|10616|8940|19276|12851|9079|5029|5028|3213|3003|13130|4749|28077|7334|20813|6286|3632|11733|7683|5797|20045|19486|19207|26540|3911|3771|3492|21302|20673|6425|19486|3841|19206|11594|19346|18508|5936|3422|6426|8521|3353|21511|69771|7753|15295|12362|6565|3632|10127|12711|3562|3422|9428|3352|22838|7194|5658|12082|8870|7473|6006|6635|
6076|3213|13759|3213|20115|5168|6566|5517|6845|9289|5448|3562|3841|3702|5169|3562|3073|5238|3701|22489|5588|3492|13689|19067|19206|5727|16901|3562|5517|19485|19695|5727|4958|3143|19066|5657|5727|3352|5797|10686|9848|19416|12502|9010|5238|5028|3213|3073|16343|3492|20604|5168|19207|5028|3701|9498|7542|5936|19905|18438|20534|18997|3772|3492|3492|16273|19416|5378|18647|3632|19066|12223|20114|17880|6076|3702|6146|8520|3562|21511|16203|6496|14387|13759|6006|3701|9149|12711|3702|3422|9359|3352|23047|6006|5797|12990|7613|8381|6006|4190|
8380|3981|19346|4121|27727|6845|8800|7264|8172|12921|5867|3562|3492|3562|5099|3911|3283|5238|3702|27517|5588|3562|15854|19137|18648|5658|17251|3562|5517|17880|19695|5657|5238|3562|21441|35689|12292|4609|6704|10266|7264|15505|10546|6775|5029|4400|3003|2933|11523|3352|14806|4679|14457|5448|3212|7054|6425|5238|13898|13060|12920|13758|3282|3283|3073|13758|13410|4540|13270|39740|15715|8940|13270|12781|5657|3282|9219|10267|3562|16762|15923|5029|10546|9010|5029|3492|6774|8800|3212|3282|7263|3911|14597|5169|4819|8870|6146|5587|4400|3073|
6146|3771|10755|3073|14387|4540|5727|5447|5797|7752|4609|3283|3981|3283|5099|3423|2933|4400|3352|15016|4680|3073|9149|13270|13270|5029|12990|3283|4679|11803|13270|6076|4261|3352|13619|5029|4959|3143|5028|8520|6705|13200|9289|6775|4330|4191|3003|2864|9848|3073|14877|4609|16063|4540|3003|7753|5936|4959|14946|12991|12851|12851|3003|3003|3073|11594|13060|4401|13130|3282|12921|8381|12921|9568|5797|2863|5098|7612|3003|13759|9568|4540|9219|7404|4959|3143|6774|8870|3212|3003|7263|3003|13549|6355|4958|9568|6565|5518|4679|3003|
4539|2864|9778|3003|13968|4400|5308|5517|5797|7264|4610|3212|3003|3423|4470|3282|3073|4261|3283|14807|4540|3911|8870|13130|12851|4888|11593|3282|4750|10197|13200|4959|4400|2794|13130|4819|4959|3212|4749|11175|6774|13759|9219|6705|4400|4190|2933|2793|9359|3073|14108|4400|13060|4330|2933|8661|8661|6146|19276|15365|14597|16342|4050|3772|3772|16342|16203|5727|13480|3352|12920|8800|13060|13898|5168|3632|5308|7123|3213|13828|13619|4959|10057|9568|5518|3352|6844|8869|3142|3003|7054|2933|13759|5727|4609|8591|6356|5308|4261|3004|
4888|2863|8381|2863|14457|4749|5308|4819|5517|6985|4470|3142|3143|3073|4400|3353|2864|4958|4260|15086|4749|3212|9987|13200|13131|5028|14457|3562|4679|10965|13060|4959|4261|3073|12921|13130|6495|3283|5168|8311|6775|13549|8590|6635|5168|4400|2933|2864|10337|3492|13550|4330|13339|4400|3212|7683|5727|4819|14318|12990|12920|15086|3073|3143|3073|10197|13410|4330|12920|3422|13200|9359|12991|10127|5098|3073|8660|8242|3073|15085|10616|4749|9569|8591|5168|3213|6705|9009|3283|2933|10057|3492|13829|4679|4540|8661|5657|5517|4680|2933|
4680|2794|9149|2933|14388|4400|5378|4819|5797|7892|4400|3003|4400|2933|4609|3353|2934|4261|3143|15365|4470|3212|9498|14038|13130|4819|14318|3282|4749|11314|14248|5028|4540|5448|15295|5029|5169|3143|5378|8730|6844|14247|9917|6774|4470|4400|3003|2933|10476|3143|14527|4330|14108|4400|3073|8940|6076|5098|13898|12921|13899|13200|3004|3142|3073|11873|13340|4610|14527|3353|12642|8870|12851|10476|5168|3073|7613|7962|3492|16902|10756|4680|9708|8660|5867|3282|6914|10266|3492|3003|7333|3003|13829|5378|4819|8869|5448|5448|4959|3004|
4679|2794|9358|4330|20184|4610|5238|9010|7124|8171|5168|3003|3143|2933|4261|3283|2654|4889|3003|14248|4679|2933|11035|13479|13060|4679|13200|3213|4261|11943|12990|4889|4889|2724|12641|4540|4889|2863|4679|6915|6286|13339|8171|6565|4191|3981|2654|4260|9428|3143|12991|4051|12851|4191|2793|6774|5168|4470|14107|12781|12642|13549|3422|2933|2864|9568|13061|4121|12572|2933|12641|8102|12921|8800|4679|2654|4540|6356|2584|12921|9358|4191|8520|6844|5168|2864|6495|8451|3003|2724|7683|2794|13410|4400|4121|8381|4749|5098|3981|2724|
4400|2654|8102|3632|13060|4469|5308|4120|4959|6426|4051|2933|2724|2793|4121|2933|3283|4050|2863|13549|4260|2723|8031|13549|12711|4260|10756|3282|4470|9568|12990|4609|4051|2654|12571|4260|4400|2724|4959|6774|6356|13898|8102|6705|4050|4051|2724|2654|9429|2793|13061|4121|12641|4121|3492|6565|5448|4260|20044|17879|15924|13340|3003|2933|2863|11035|12711|4750|12572|2864|14527|8381|12711|11244|4749|2793|4539|5936|2863|13269|9918|4470|8939|8102|4540|21791|9149|8870|3073|2723|6984|3213|13828|5308|4470|8591|5866|6774|5727|3701|
4819|2724|8591|2933|13549|4121|5028|4330|5587|7194|4191|3143|3073|3073|4330|3073|2724|4051|2933|17740|4121|2793|8520|13130|12921|4679|10337|2864|4260|9219|12781|4750|4051|2864|14177|4820|4609|3003|4330|6985|6356|12921|8172|6565|4819|3981|2724|2654|8870|2863|12991|4120|12641|4261|2654|7054|5239|4470|13549|12502|12502|12781|3003|2934|2794|8870|13619|4120|12502|2933|12501|8241|12921|9079|4609|2654|4260|6076|2794|14387|8661|4470|9498|6984|4749|2934|6775|8380|2933|2793|7054|2794|13969|4330|4330|9289|5099|5098|4610|2723|
4260|2654|8241|2724|12921|4121|5029|4121|7403|6705|4120|2933|2793|4330|5658|3143|2724|4540|3213|15086|4889|2933|9288|13269|12711|4540|9638|3073|4400|12711|14318|4470|4190|2863|13060|4400|4610|2934|4470|7333|7193|13410|8380|6495|4400|4889|3492|2724|9079|2793|13060|4120|12851|4190|2794|6495|85276|5587|14388|14946|14247|14318|3562|3841|12292|14388|14736|4540|13060|3143|12641|8241|12711|11384|4610|2654|4470|5936|2933|13130|11384|4400|8590|8032|4958|3073|6495|8730|2864|2863|6844|2724|13270|4400|4749|8451|5517|6146|7682|3562|
5238|2933|9429|2794|15505|4261|5937|4330|5588|7124|4400|3073|2864|2794|5238|3003|2585|4051|2864|14177|4400|2863|8381|12990|13689|4539|9777|3213|4400|10266|15365|5727|4120|2793|14387|4540|4749|2864|4400|7752|6356|12781|9010|6355|4050|3911|2585|2514|9149|3213|13410|4120|13828|4191|2724|6635|5308|4400|13200|12921|12571|12711|2794|3004|2794|9848|12851|4050|12571|2934|15085|9499|12711|9429|5588|2794|4539|5657|3003|13409|10685|4540|8590|7682|4469|2933|6565|9359|3004|2724|6774|3004|13619|4609|4191|12152|5866|5657|4330|2793|
5657|2723|9569|2654|14108|4190|4959|4191|5657|7124|4260|3073|3003|3422|4400|3143|2794|4191|3003|14318|5168|2934|8591|13200|12991|4749|11663|3842|5098|11035|14667|5726|5168|3702|14527|7683|5797|3143|4679|8031|6495|13480|9638|6565|4190|4121|2794|2724|10895|2863|12850|4190|12921|4120|2793|6634|6286|4820|13549|12571|12641|12641|2794|3143|5587|9987|12851|4959|12362|2933|12572|8381|12641|9009|4680|2864|4260|6426|2794|12920|9289|4400|8870|7613|4679|3213|6634|8660|2933|2724|6984|2863|13270|5168|4190|8311|6216|5099|4051|2933|
4609|2724|8311|2863|13130|4190|5797|4609|5448|6565|4121|3143|2724|2793|4121|2864|2724|4120|2794|13549|4750|2794|8381|13060|12921|4400|9359|2933|5098|9428|12990|5657|3981|2654|12991|4330|4749|2933|4260|7264|6425|13549|8521|6565|4959|4051|2724|2654|9289|2863|13480|4121|12711|3981|2863|6425|5169|5238|13060|12432|13689|12502|2863|3143|2864|9289|12781|4121|12431|2724|15226|8171|12432|8660|4470|2724|5029|5797|2864|12991|8591|4190|8311|6844|4749|5099|14807|14178|3981|4819|8381|3701|22279|5797|5447|10407|6705|7543|5517|3702|
6146|4051|14876|3073|16762|4540|6006|4539|5657|7333|4539|3143|3073|3143|4120|3073|2723|4121|3004|14387|4400|2863|9429|13061|12781|5657|13409|3492|4609|10267|13619|4889|4121|2723|13200|4819|4749|3003|4749|6845|6775|13130|8381|6495|4120|3981|2863|2654|9219|3283|13130|4400|13200|4260|2793|6495|5378|4540|13200|12712|12501|12781|2863|3003|2933|9289|12920|4121|12571|2723|13270|8241|12572|9080|4679|2793|4400|5936|3842|13339|8730|5448|8869|6844|4680|2933|6635|8381|2933|2724|6775|3841|13619|7613|4191|8731|5099|5168|4191|2863|
4470|2794|8451|2724|14038|4121|5029|4261|4958|6635|4190|2863|2863|3562|5657|3004|2654|4050|2863|13829|4260|2864|8172|12711|13619|4539|9778|3003|4261|9149|13200|4540|4121|2863|12711|6425|5867|2934|4470|8241|6496|13968|10267|6355|4330|4190|2654|2654|9847|2863|12990|4190|13340|4121|2863|7473|5796|4400|13410|12572|12642|13620|2794|2794|2794|9777|12711|4051|12432|2863|12572|9079|12711|9009|5517|2724|4330|5937|3353|13549|8661|4470|8660|6914|4470|2933|6286|9428|2933|2723|6845|2794|13060|4190|3981|8451|4749|5099|4819|3073|
5447|2724|7962|2654|12920|4121|4959|4120|5308|6565|4051|2933|2864|2794|4051|3003|2654|4120|2724|13339|4819|3003|8102|12920|12711|4540|8800|2933|4190|9009|12712|4330|4051|2793|12711|5448|4330|2864|4190|6705|6355|12851|8381|6635|4121|4121|2794|2585|10965|2864|12920|4051|12571|4051|2654|6635|5168|4330|13269|12502|12431|12501|2793|3073|3702|9080|12921|24514|18927|3073|13270|9708|13060|9638|4889|2724|4400|5727|2933|13200|9149|4679|8451|8101|17111|4609|13968|17809|3911|3213|6914|3631|29403|4959|4400|8730|44838|10616|5169|3632|
5657|3562|15226|3562|16343|5867|6635|4889|5796|7822|4680|3143|2933|3073|4610|3422|2864|3981|2933|16552|4400|2793|8590|13270|13340|4400|14108|3212|4889|12082|13200|4470|4051|2863|12641|4609|4679|6077|4819|9568|6634|13759|9359|6566|4260|4260|2794|2724|9777|3282|13619|4330|13270|4190|2794|6495|5308|4540|13200|12362|12502|15434|3003|3003|2933|9429|13061|4190|12642|2863|12362|8661|12850|9010|5797|2794|4540|6146|3073|14038|8311|4331|8869|6565|4610|2793|6704|8381|2934|2933|6705|2654|13479|4610|3981|8451|5029|5099|4400|2794|
4889|2723|8102|2724|13200|4470|4958|4260|4749|6705|4331|2933|2793|3701|4539|3003|2653|4330|2863|13689|4470|2723|7962|12501|12431|4400|9568|3073|4470|9149|12781|4610|4191|2864|12642|4749|4400|2933|4121|6775|6286|12781|8101|6355|4400|4190|2654|2584|9080|2794|12920|4190|12572|5797|2864|7054|6565|4539|14457|12641|12711|12501|3352|3003|2864|10197|13130|4330|12362|2864|12501|9499|14387|11384|5727|3562|5727|7263|3702|16762|12572|6286|12222|9079|4889|3422|6495|8660|3073|2794|6705|2723|14667|4680|4330|8311|7194|5727|4261|3283|
5028|2654|8870|2864|13759|4400|5028|4540|5448|6565|4330|3004|2864|2794|4539|3213|4260|5727|3003|14876|59086|5029|12432|14737|13968|4679|12502|3073|4540|10756|15784|4679|4121|2794|12921|4819|4470|2864|4539|7683|6285|12781|9079|6634|4051|4050|2794|2584|9288|2933|12921|4330|12711|4819|3493|6984|5797|4470|128647|13689|12641|12641|3003|2933|3213|9917|12920|4470|12362|2933|13200|8101|12851|9778|4679|2933|4679|5866|2724|13060|8730|4330|8521|6774|4610|3143|6844|8521|2864|2794|6984|2654|12921|4260|4400|8311|5029|4959|4540|2723|
4889|2724|8311|2724|12851|4121|5029|4750|5169|7123|4050|2933|2794|2793|4121|3073|2515|4540|2933|14038|4539|2794|8381|12851|12711|4540|9917|3143|4889|9499|12851|4539|4191|2933|12641|4400|4330|2793|4190|6844|6426|12990|7892|6495|4610|3981|2794|2654|9080|3212|13060|4191|12641|4400|2863|6495|5168|4400|12990|12502|12781|12642|2863|2864|2794|9288|12781|4260|12362|2864|12780|8590|12641|8870|4539|2723|4400|5936|2724|13619|8171|4260|8521|6705|4470|2724|6286|8311|2794|2654|6635|2654|13549|4331|4190|8311|5029|4959|4191|2794|
4749|2654|7962|2723|13200|4120|4959|4330|4889|6496|4051|2794|2654|2794|4540|2933|2585|4679|3003|13619|4120|2654|8031|12571|12501|4330|9009|2934|4540|8870|12921|4330|4539|2724|12642|4470|4261|2723|4261|6705|6356|12851|8032|6286|4190|4261|2654|2654|10197|2724|12711|4261|12502|4121|2654|6425|4959|4750|12991|12641|12502|12711|2724|2794|2654|8381|12571|4190|12501|2864|12432|8241|12502|8730|4330|2724|4470|5378|3492|13620|8171|4191|8591|6775|4260|2724|6356|8381|2863|2654|6496|2724|12920|4191|4051|8451|5098|5657|15016|5099|
7753|3632|10477|2794|16622|4470|5867|4470|5937|8171|4400|3073|2793|2864|5098|4679|3701|4959|3213|15016|4609|3213|8660|13130|13340|4470|11943|3213|4261|15016|13829|4889|4540|2933|12711|4400|4679|3003|4749|7124|6705|13410|9289|6775|5587|4749|3632|2934|10336|2933|13898|4400|12921|4191|2654|6914|5866|4679|12991|12362|12432|15435|3282|3213|3771|14387|19695|4330|12571|3003|12432|8101|12502|9777|4749|2724|4400|7962|3003|13270|8730|4470|8800|6844|4609|3213|6705|8591|3003|2724|6705|2724|12781|4470|4191|8311|4958|4889|4469|2793|
4190|2654|7823|2724|12921|4121|4889|4610|5168|6984|4121|2864|2724|2793|4121|3003|2514|4051|3702|13549|4330|2793|7892|12711|12642|4680|9219|2933|4680|8870|13200|4121|3981|2724|12850|4400|4400|2863|4679|6425|6286|12641|7753|6286|3911|3981|2514|2585|9359|2793|13340|4610|12781|4120|2793|6635|5168|5168|13340|12362|12921|12501|2723|2794|2654|8730|12501|4260|12361|2724|12362|8730|12780|8521|4539|2654|4191|5238|2724|12642|7962|4191|8241|6565|4679|2934|6635|8451|2723|2724|6425|2654|13060|4609|4051|8451|5099|5099|4050|2724|
4261|2654|7823|2794|12781|4121|4889|3981|4540|6635|3911|2794|2724|2793|4680|2934|2654|4121|2793|13269|4679|2654|7962|12501|15016|4610|10965|2863|4470|9010|12850|4260|3911|2724|12502|4610|4540|2793|4120|6495|6286|12851|8102|6286|4400|4050|2724|2584|8800|3073|12851|4820|12572|5307|3492|72914|6914|5727|16482|16063|18089|15295|3282|2864|3003|12362|12850|6775|14108|2933|12501|10615|12642|12362|4819|3003|4469|5797|3422|13549|10616|4540|8800|7752|4889|2863|6356|8521|3003|2654|6705|2794|12851|4191|5308|14388|7892|6914|5867|3981|
6356|3562|10826|3772|18229|5168|6495|5657|8032|9848|5797|3702|3562|4260|5098|4121|3492|5238|3632|16413|5308|3841|10826|14597|15644|5517|15225|3562|5518|14178|15505|5796|5028|4121|15295|5657|6425|3911|6146|10895|7542|14946|12222|12083|7124|5727|3911|3632|16412|3841|20184|5517|14876|5307|3702|8381|7054|6216|15086|14038|14178|14178|3841|3702|4190|19066|17740|6426|14597|3702|14317|9499|14038|14039|5797|3841|5937|7753|4260|14876|14317|5657|10896|10336|5727|4889|10197|11873|3841|3911|8520|3492|39251|6984|6355|16343|7543|8242|6146|3771|
5727|3702|14108|3631|15225|5098|6007|6007|6704|10966|5727|3771|7892|5657|8032|3631|2863|4749|3213|23676|4820|3073|12152|14108|13200|4889|14946|3143|4539|15435|13689|4609|4051|3143|12781|4750|5029|3143|4889|10197|6495|13340|9079|6286|4051|4051|3003|2724|9149|3073|15295|4609|12991|4261|3073|6705|5797|4749|26330|12851|12711|12711|2933|2933|2933|11314|12851|4330|12502|3073|12571|8939|12921|11175|4679|2934|4679|6216|3213|13410|9777|4539|8730|7194|4680|3003|6286|8521|3003|2724|6565|2793|13409|5028|4400|8521|9289|7543|5588|3562|
6006|3772|12362|3562|21860|5308|6915|5937|6984|11245|5727|3841|4260|8241|9359|4330|3912|6914|4051|27518|5866|3632|14597|14597|14458|5657|15854|3771|5448|15645|14667|6914|4330|3282|15994|5238|6146|3423|4959|10546|6356|13689|9429|6705|4260|4051|2724|2654|10406|3073|12991|4400|12781|4120|3003|6635|6216|5168|13619|12641|12432|12711|2933|2863|2864|10476|12571|4121|14247|13131|16692|10477|13409|11104|4889|3003|4400|6565|3143|14108|10895|4749|8870|7822|4679|2934|10266|10616|3701|3562|8660|3492|17041|5727|5658|10127|7193|6704|5308|3841|
6495|3423|12921|3562|17670|5098|6146|5866|6705|9080|5518|3842|3911|3701|5098|4191|3632|5099|3701|17530|5308|3771|11105|15574|14248|5657|14247|4260|6006|14457|15574|5797|5099|3632|14178|5657|9778|4051|6495|13758|7823|38273|14876|10336|6216|5238|3631|3562|17670|4260|22559|6006|15504|5308|3842|9778|7263|6076|16063|13828|14038|18089|3911|3701|3842|19346|17321|6006|14527|4261|14457|10337|15434|14876|5727|3702|5727|7753|3771|15296|14178|6146|10686|10057|4819|3143|6984|8940|3073|2863|12432|2934|16413|5238|4540|8521|6285|5169|4121|2933|
7543|3073|10266|3003|15504|4260|5308|5238|5797|7892|4191|3073|2794|2933|3981|3282|2863|4050|2933|16063|4470|2794|8241|12990|12851|4400|11733|3143|4400|10755|13200|4470|4400|2724|12781|4679|10895|3841|4679|7543|6425|13689|8940|6774|4261|3981|2724|2654|9848|3073|13758|4260|12711|4260|2723|6495|5169|4958|13269|12502|12501|12502|2934|3003|2794|10476|12572|4261|12292|2863|12362|8171|13130|10127|6146|2793|4539|6146|2934|13898|8730|4540|9219|6914|4609|2794|6356|8312|2794|2724|6565|2724|12991|4959|4330|8451|5308|5098|4051|2793|
4121|2654|8171|2794|13200|4679|5029|4050|5029|6496|4051|2864|2654|2723|4051|3702|2654|4190|2863|13689|4330|2723|8101|12571|12781|4470|9778|2933|4260|9010|12781|4400|3911|2793|12921|4540|4889|2863|4470|6914|6286|12781|7962|6356|4400|4401|2654|2585|9219|3003|13200|4191|12851|4470|2723|8590|6286|4539|15714|12572|12432|12432|3073|2863|2864|9848|12571|4260|12362|2863|12502|7962|12362|10476|4539|2793|4260|5587|2934|13689|9359|4470|8520|7683|4470|3073|6355|8451|2864|4050|6914|2794|12781|4540|4470|8520|5308|5099|4400|2724|
4330|2864|8032|2654|12711|4469|4888|4051|5308|6426|3981|3003|2723|2724|4191|3003|2654|36527|3981|15365|5168|3632|10407|14667|14317|6146|16622|4749|6216|13060|14596|4749|4400|3842|14248|4819|4749|3352|5098|10127|6565|12851|10686|7263|4191|4470|2794|2584|11174|2934|13130|4470|12711|4120|3003|6285|20533|4819|13340|12082|12223|12152|2654|2724|2585|11454|12572|3911|12222|2584|11943|7822|12571|9010|4819|2654|4679|5517|2584|12712|9499|4190|8172|6774|4330|2515|6635|8451|2584|2374|6356|2514|12781|4679|4050|7961|5098|4679|3632|2445|
3981|2305|7822|2375|12361|4260|4540|3981|5517|6425|4191|2654|2514|2444|3771|2794|2375|3771|2584|13340|3911|2585|8032|12292|11943|4051|9708|2723|4400|11873|13060|4819|4121|2794|13829|6566|5727|3003|4121|7683|6006|12502|8451|6565|3772|3772|2445|2375|8940|2584|12502|4400|12850|3701|2444|6286|5029|4051|14736|15155|12152|11942|2515|2514|2515|9219|13479|8660|16622|3283|15295|11244|16273|12362|4539|2584|4051|6077|2724|13479|10686|4330|8520|7333|4680|2933|6076|8241|2514|2515|6355|2515|12921|4470|5028|8521|5587|4680|3772|2444|
4191|2375|7682|2445|12712|4121|4610|4819|5517|6984|4260|2794|2654|2585|3771|3143|2584|3841|2724|13759|4401|2444|8940|12222|12292|4680|10267|2794|3981|9498|12641|4330|3702|2444|12502|4260|4609|2445|4051|6425|6006|12432|7753|5937|3631|3702|2375|2374|8660|2654|12921|3841|12362|3632|2374|8032|5099|4470|13060|12292|12222|12781|2375|2444|2515|8800|12223|3701|12153|2445|12083|7613|12222|8870|4819|2375|3981|5028|2654|14807|9429|4050|8800|6915|3981|2654|6216|8101|2584|2444|6565|2374|30800|4470|4260|8242|5098|5238|3701|2515|
4469|3212|9708|2514|14038|3911|5029|3841|4819|6705|3771|2654|2444|2514|3772|2654|2444|3702|2584|13340|4191|2444|9079|12641|12501|4261|10336|2794|4050|10057|12571|3981|3632|2374|13269|4050|3911|2515|3911|6216|5937|12432|8102|6076|4610|3702|2514|2444|8590|2584|12711|3772|12502|3701|2444|6076|4819|4051|12292|11943|12432|12292|2794|2654|2584|10336|13200|3701|12013|2445|12013|11873|15226|11803|4679|2445|3981|6006|2514|14038|9079|4121|8241|6984|4260|2654|5937|8800|2864|3702|7403|2374|13199|4190|3911|8661|5099|4959|3772|2585|
4330|2375|8032|2445|15784|5517|4958|3841|5866|6705|3632|2654|2444|2515|3702|2794|2514|3702|2585|14527|3911|2514|8172|12501|12292|4121|10336|2794|3842|9568|13410|4051|3632|2444|12711|4121|3911|2654|4470|7264|5936|12851|8032|9009|3911|3562|2444|2375|9288|2584|13130|4191|12501|3841|2444|6425|5169|4121|15296|12292|12152|12013|2514|2584|2514|9638|12083|3911|11803|2515|12013|7613|12641|9359|4400|2444|4050|5308|2584|12501|8451|3911|8311|6635|6215|2584|6915|9079|2514|2584|6565|2444|13270|4120|4261|8381|4959|4959|3632|2445|
4260|2375|7822|2445|12572|3701|4610|3841|4749|6146|3631|2584|2375|2445|3632|2934|2375|3911|2515|13340|3701|2444|7683|12223|12083|4191|11803|2724|3981|9009|13130|3911|3562|2515|12292|4051|3912|2724|4120|6565|6007|12432|8032|5937|3631|3631|2375|2235|8660|2654|12502|3702|12223|3841|2445|5936|4819|3981|13269|12083|12501|12222|2375|2374|2654|9010|13480|3842|11873|2514|11943|7823|12642|9010|4050|2374|3911|5029|2514|12781|9219|4191|8661|6635|4121|2515|6077|8101|2654|2515|6286|2375|12781|3911|3842|8101|4750|4609|3911|2654|
4260|2584|7892|2444|13061|3772|4609|3842|7682|8031|4260|2584|2444|2584|3911|3073|2514|3772|2934|39879|4958|3142|10616|14527|13968|5448|54336|3631|5308|14318|18578|6565|5866|4260|18718|4400|4400|2793|4609|9010|6006|13200|10826|6355|4609|3702|2584|2305|9848|2794|12781|3632|12292|3562|2514|6146|5587|4051|12781|11873|12082|12292|2585|2585|2514|11105|12432|3632|12851|2444|11942|7752|11942|9009|4330|2585|3841|5866|2514|12362|7892|3841|9638|6355|4400|2375|6077|8591|2585|2514|6425|2374|12781|4330|3911|8031|4959|4819|3772|2515|
4051|2305|7683|2584|12362|3632|4469|3701|5308|6425|3562|2584|2445|2374|3562|2793|2305|3561|2654|13200|3701|2444|7682|11943|12431|4051|9777|3143|3772|9359|18718|5028|4051|2654|13060|4190|4190|2584|4260|7403|6006|12432|8380|6007|3562|3632|2375|2305|9149|2514|12571|4121|12711|3562|2375|6006|5098|4121|15156|11803|12432|12432|2445|2724|2375|9219|12152|3841|12921|2933|12082|7962|11943|9847|4470|2514|3911|5378|2584|12362|9568|3981|8241|6635|4120|2514|6077|8031|2584|2374|6355|2374|12362|3912|4051|8101|4680|4469|3632|2515|
4191|2234|7613|2375|12571|3561|4400|3702|4540|6286|3562|2444|2305|2445|3562|2724|3003|4191|2514|13549|3772|2444|7473|13689|12152|3911|9009|2934|4051|8730|12642|3911|3423|2375|12012|4120|3841|2654|3841|6705|5867|12222|7403|5936|3562|3562|2304|2235|8521|2584|12082|3702|12013|3632|2305|5867|4470|3981|13898|12152|11943|11943|2374|2305|2445|8101|12152|3702|11803|2304|11803|7613|12153|8451|4051|2375|3841|5447|2445|12153|8241|3772|8172|6215|4051|2444|6006|7962|2654|2375|6076|2444|12293|3981|4051|7962|4470|4610|3632|2445|
3911|2584|7613|2375|12362|3632|4470|3632|4191|6007|3492|2374|2305|2305|3561|2445|2235|14527|4749|17111|6984|2793|9568|16412|12222|4051|10965|3283|4261|9219|12432|4051|3632|2305|12012|4679|4051|2515|3912|6635|5936|12292|7683|5866|3981|3702|2305|2235|8451|2724|12781|3771|13828|6914|2654|7054|4959|4819|14038|12222|12292|12013|2514|2654|2444|10407|12921|3911|11943|2584|12223|7893|11803|9429|4260|2444|3911|5448|2584|12501|8869|3911|8171|6844|4190|2584|6006|8940|2514|2375|6286|4330|12501|3841|3771|8031|4889|4540|3632|2514|
4120|2304|7683|2375|12851|3701|4540|3771|4750|6495|3632|2584|2304|2375|3702|2794|2445|3771|2863|17181|3912|2654|7682|12153|11943|3981|9847|2933|3981|9429|13130|3981|3562|2305|17461|8031|4819|2585|4121|7683|6355|13480|8520|5866|3771|3423|2445|2304|9359|2514|12641|50215|13270|3562|2375|6216|5797|4330|12431|11943|12013|12083|2515|2514|2514|9918|12083|4888|12292|2444|11873|7543|11943|10127|4400|2514|3911|5727|2514|12572|8032|3841|8241|6565|4121|2375|5937|7892|2585|2445|6216|2444|12432|3981|4051|8032|4470|5238|3562|2584|
4191|2234|7752|2515|12711|3562|4469|4120|5308|6285|3702|2584|2305|2234|3562|2933|2514|3701|2584|13130|3842|2514|7613|12361|11943|3911|9568|2794|4050|9219|12432|4051|3492|2375|12152|4121|3981|2724|4051|6775|5797|12292|7403|5866|3492|3632|2445|2234|8521|2654|12431|3632|12152|3702|2374|6076|5308|3981|12222|13688|12292|11943|2584|2514|2305|9149|12152|3632|11874|2444|11873|7543|12083|9638|4679|2375|4051|5866|2514|13340|9428|4051|8590|6635|4120|2444|6286|7822|3073|2933|6844|2235|12921|4050|3632|8311|4819|4749|3562|2584|
3981|2375|8171|2375|13409|3772|4540|3841|4749|6425|3562|2445|2584|2375|3562|2654|2235|3562|2515|13200|3632|2375|7543|12642|12431|3980|9708|2863|3841|8520|12222|3981|3562|2235|12082|3981|3841|2375|3841|6355|5796|12083|7334|5797|3632|3911|2445|2235|8660|2375|12502|3562|12222|3562|2375|6006|4609|3981|12642|13898|11942|11943|2584|2374|2375|8381|12781|3631|14527|3352|13968|9288|13549|10336|5378|3004|16762|7124|3282|14108|9498|3981|8660|7962|4260|2654|6077|8521|2584|2375|6356|2305|12571|3981|3841|7962|6426|4679|3841|2445|
4120|2375|12572|3213|14946|4051|5098|3981|5029|7612|3771|2794|2444|2375|3632|2864|2305|3702|2584|13340|3911|2445|8032|12431|12292|4051|10476|3003|3911|9498|13270|4191|3562|2375|12362|4051|3981|2654|3911|6286|5867|12292|7543|5936|3632|3492|2305|2235|8241|2584|12222|3632|12851|3632|2375|5937|4749|3981|12432|11803|12153|12082|2514|2445|2375|8591|12083|3632|11873|2375|11873|7543|11873|9079|4400|2374|3842|5169|2445|12781|7682|3842|8171|6146|4051|2375|5866|8032|2444|2305|6216|2235|12292|3772|3772|8381|4680|4470|3561|2444|
3911|2235|7543|2305|12362|3632|4400|3562|4540|6146|3562|2444|2305|2445|3562|2515|2515|3772|2584|12920|3632|2375|7612|11942|11943|3632|8800|2724|3841|8242|12223|3841|3492|2375|11943|3772|3702|2374|4050|6286|5866|13479|7473|5866|3562|3492|2304|2305|8311|2515|12362|3562|12082|3562|2235|5936|4400|3911|12292|12431|12012|11873|2444|3422|4191|13899|16832|5238|17112|3283|13899|9428|13759|11524|123549|3771|6146|7473|4260|16064|12362|5587|21861|9429|5588|4051|8311|8940|2654|2445|6216|2374|14108|4051|3841|9289|5587|4749|3632|2444|
4190|2445|8870|2654|13060|3631|4469|3632|4679|6077|3702|2514|2374|2374|3562|2724|2514|3632|2514|12991|3632|2445|7613|12711|12153|3981|10407|2864|3841|8800|12292|20114|6635|2654|14318|4610|4191|2514|4051|6984|5867|12502|8101|6006|3562|4121|2375|2304|9499|2585|12641|3701|12153|3632|2375|6006|4749|4051|12432|12153|13409|12641|2654|2445|2444|9708|12920|3841|12222|2444|17670|10476|13759|9498|4400|2375|3841|4959|2444|12641|8800|3911|8381|7124|4121|2514|6006|7753|3143|2514|6775|2305|13270|3981|3771|8590|5518|5029|3841|2445|
4260|2305|7752|2374|12991|3631|4330|3772|4540|6495|3701|2654|2444|2514|3562|2793|2375|3562|2445|13549|3631|2375|7892|12292|12432|3981|9358|2934|4190|9289|12432|4540|3562|2305|12432|4051|3841|2444|3772|6356|5727|12082|7473|5867|3492|3562|2374|2304|8660|2514|12152|3562|12642|3772|2374|6216|7822|6286|15784|12641|12502|12152|2584|2515|2445|9220|12222|3842|12082|2444|12153|7542|12083|9289|6425|2584|3911|5308|2444|13340|8800|4609|8660|6635|4051|2584|6077|8032|2514|2515|6146|2304|12920|3702|3632|8381|4958|4679|3492|2514|
