280203|31289|257086|34920|358077|44279|79270|19276|57060|55245|25632|16622|30171|27099|18508|23397|22908|33873|20393|224191|19555|20115|117334|197232|160914|24166|78921|15854|32127|92959|193321|21442|31079|17111|313797|6844|5168|5378|29334|53149|38273|178235|118171|35758|34432|31778|5727|22210|93936|12991|176070|23327|157771|28495|22558|41346|31359|19765|253663|148063|187245|145549|5447|13409|16483|69143|165384|29473|164756|13899|155746|55594|159517|91073|14318|15435|12921|69912|13200|182006|137797|17111|69073|47422|13759|15854|37854|69143|13619|15854|35689|22140|186266|23885|14597|89536|30939|80667|13339|18927|
33664|14876|112375|21022|217486|38134|60482|21232|44419|44908|15016|18228|27378|27308|11594|21232|17949|24095|12432|184311|13340|18368|104064|157562|145269|18718|66908|12921|24515|83879|152953|11593|31917|11804|153860|5377|5238|5168|22629|42115|31848|150019|99803|34641|25492|23676|4680|19346|68235|12293|154000|19835|172089|37295|110419|34083|23606|14597|138286|81365|78432|110628|5727|9708|9429|47212|125644|18647|84717|9498|389575|44419|87581|58317|9429|12292|9358|45956|8870|90514|74660|11314|42952|35479|113911|9359|48121|57060|10826|9987|25702|15016|1123537|23327|13410|53777|24793|60064|8939|8660|
27797|9568|76476|13898|99454|22419|41905|9917|27866|26120|10686|8381|13550|13759|8521|9847|10337|14178|9359|80876|9429|8940|44908|78641|77244|13480|41416|8590|14877|50914|89257|9289|16063|8102|76755|4959|4609|4679|14318|22000|18229|76057|57131|20114|15854|13898|4679|12222|37365|8800|78571|13549|80317|15924|13899|23327|19486|13270|79270|78013|78083|73683|4889|8450|9080|35060|79480|12292|73683|8381|81645|32266|78990|39879|9079|17041|8101|37854|7682|88699|60133|13479|44279|20253|7473|6285|16064|28984|6566|6495|16063|11384|76057|11873|7543|37155|14457|27658|6845|6496|
16412|6845|47422|10615|79619|16273|27168|8521|29962|28426|8311|7263|11663|11175|6984|8101|9219|12711|7613|87022|7892|7054|46514|79270|74172|10895|35759|6425|13549|39181|76755|6705|12641|6076|74171|4819|4330|4539|12292|20324|15994|75918|46654|16831|12572|11524|4609|10546|33315|6635|76476|10966|72565|12712|12083|18857|16971|10476|77035|77454|73822|78781|6007|7752|6844|39111|79130|12292|81644|7054|78292|30940|79620|44559|6845|7752|6216|38971|6635|73194|62508|9568|32058|31429|9358|7473|255270|42812|7543|7753|18648|12850|147225|12571|6565|30032|15924|35619|5378|5448|
17320|6285|58806|7892|73473|11873|23397|6635|25073|17321|7822|5658|10826|10336|5657|7054|7822|10756|6356|76826|5657|5936|39391|75568|71936|10337|36457|5447|11105|31848|72635|5657|11245|5168|71588|3981|3352|3283|9568|16064|15575|89047|40089|15435|11245|10336|3143|8241|30451|6426|73613|8800|71098|11594|8381|16692|13479|9359|72495|73543|71727|70260|3632|5657|5238|23816|75638|8730|70609|5657|70680|22488|75987|30241|5727|5727|4959|31010|5448|74102|47562|7543|29682|17600|6146|5098|14737|27378|5518|5308|15365|9568|79200|9638|6286|29543|13689|25282|5168|5308|
14527|5797|40927|7893|72984|11593|23257|6426|24444|16483|10406|9569|13549|12432|7752|8521|11175|16203|9009|112445|7682|6984|57689|83949|78571|10337|44698|5587|12222|43301|73612|5797|11175|6216|72496|3911|3143|3143|11524|22838|15225|74730|42952|16832|12013|10197|3143|9149|33035|6146|80946|9358|71518|11874|10756|17879|15295|9359|74660|77454|71588|70609|3562|5448|5169|31778|76127|9568|70610|5587|70051|22489|74590|37435|5517|6425|7264|37225|95264|80667|62997|8590|37993|25212|9638|6845|19276|42464|6565|6565|17111|11873|120057|12153|6356|30102|16552|39949|5657|5098|
17111|6076|61809|8660|84089|11384|24235|6704|24584|18648|12502|5377|10336|10197|5517|7334|7892|10965|6844|82553|6146|5727|45117|79479|72775|9777|37435|5238|11314|38133|72705|7823|10965|4819|71308|3701|3213|3073|10965|18648|15086|75289|43023|15854|11803|9987|3213|13061|42743|6355|83879|9778|76965|19835|9918|16902|14876|9777|73333|351721|78781|75080|3981|5517|5238|34850|79269|11593|70679|5517|73124|23607|74870|46235|5518|6356|5098|37994|5168|71867|63835|7822|29403|22628|6216|5028|14807|27098|5308|5378|14736|10266|76686|9639|6216|30381|15295|26330|4958|5099|
16203|5587|48470|11245|81644|12921|24864|6984|24445|20324|6356|5447|10196|9638|5657|6844|7263|10546|6076|75429|5937|5658|84508|84438|74870|11105|34501|5308|13479|44350|78432|5657|11244|5238|71937|3981|3073|3283|11733|19486|14596|79898|50635|15365|11384|10266|3492|9707|32546|5866|74102|8800|70610|11524|9569|19416|16971|9219|76336|73962|71169|70191|3702|5727|5098|32127|76127|10127|72565|5378|70959|23956|75359|40648|5797|6286|5099|36946|5169|71658|55105|7613|28705|21721|7124|5099|16832|28774|5099|5937|15295|10336|83669|9987|6286|29752|15435|27169|4958|5587|
16203|5727|47492|7892|77943|11803|23956|6565|24235|17320|7193|5378|10965|10895|5517|6775|7752|11175|6216|80177|5867|5727|46793|74730|72146|10197|35200|5308|11384|40299|73683|6216|11244|5098|71517|3702|3562|3003|12013|21023|16413|77593|55943|21372|17949|16971|4051|11873|48959|6356|104343|12502|72635|16133|11873|21372|16553|9708|83321|76685|73962|86254|4121|6216|5727|45816|86045|10407|850177|10127|104203|39949|81295|50355|6775|7054|5029|39251|5727|74870|67746|7892|29473|41625|8241|6076|16204|33803|5937|6356|15784|11524|91423|11943|6216|31428|16274|30521|9778|5168|
16622|5866|51403|8241|79968|11874|25003|6774|24863|18648|6984|5378|10406|10336|5447|7054|7333|11384|6635|79759|6077|9359|48539|75428|72426|9848|36597|5448|12083|40159|73612|5727|11035|4958|71657|3842|3143|3073|11244|19346|14597|73752|44978|15714|11245|9987|3143|12781|32546|5727|74241|9009|71518|11943|9428|17041|14388|9289|72076|74102|72985|70610|3771|5517|5028|28845|75917|9499|70540|5308|74172|22419|75917|36947|5518|6216|4749|34502|5168|70610|53150|7823|28495|18508|5937|4959|14457|27098|5099|5168|14806|9568|74869|9288|5937|28984|13340|24026|4819|4749|
13619|5238|39461|7682|72286|11594|24026|6286|24374|17879|6495|5238|9988|9708|5447|6775|8171|11664|6076|88698|6216|5587|50216|74800|73194|9638|33244|5029|11803|41835|74591|5517|10826|5028|70959|3702|3073|3073|15784|20743|14597|73404|45396|15365|12083|10755|3143|9499|34292|5727|75428|8870|70749|11664|9918|17181|14666|8940|72146|73333|71867|70190|3561|5308|5029|30171|76616|9010|70680|5377|69911|22908|75149|35828|5797|7264|4959|37784|5797|72705|56641|7683|29752|20323|5727|4889|16412|41625|7263|15365|36248|11873|135702|13270|6215|47004|16552|38972|5308|5238|
17251|6215|66000|8102|74242|11314|22978|6774|25492|17530|8242|5239|10686|11873|5447|6775|7263|10477|6076|78292|5797|5657|40368|74660|72076|9778|43861|6775|16622|41556|88419|5936|11245|4959|72705|3841|2934|3212|11454|20882|14527|73054|51403|16134|10965|10058|3143|8800|30870|5867|73752|9009|71168|11663|10267|16692|15505|9499|77803|83391|84159|72565|3701|6076|5727|39321|83041|11035|70610|5657|69213|22978|75220|43721|5657|6077|11873|40577|5447|75568|65372|7473|31778|23956|6565|4889|14737|27587|5517|5727|15086|10267|84857|10616|6844|31079|15365|28565|4888|4889|
16762|5727|47841|7612|76756|11384|23467|6775|24654|17880|7054|5448|10336|10127|5169|7962|7962|10965|5937|82622|7822|5448|44000|74241|71377|9568|34571|5028|10616|35968|71448|5448|10546|4750|70819|3631|3003|3841|11035|17949|14247|72495|42953|14876|11174|9638|3073|8730|31289|5796|75778|8521|78850|11524|9009|16133|13828|8730|72914|72984|70260|70609|3632|5238|9428|43372|127391|12781|75428|6425|187244|34153|83461|51403|6216|7334|6355|106019|6565|97638|72775|8940|44698|27098|6984|5168|15086|28286|5588|5238|15016|10825|90514|12152|6565|29613|16413|34292|5098|5169|
17251|6705|50775|8590|84020|12012|25981|7124|26120|21441|7333|5517|10755|9917|6216|7683|11523|12711|6634|83181|6635|6495|52661|86324|73822|11315|47632|8730|20254|58178|124038|7124|15994|9079|91841|4260|3143|3562|13549|27168|14877|75847|69562|15994|13619|10407|3213|10826|48261|6077|79759|9219|71658|12152|11105|18787|15574|9499|73053|74451|71797|70260|3492|5447|5238|38063|76686|9638|70819|5727|69912|22488|74731|36597|5867|6495|4819|39391|5378|72146|57549|7962|28774|21790|8870|5099|15574|28076|5448|5378|14807|10546|77175|10825|6425|30032|17530|29892|5099|5307|
16343|5797|49658|8520|79619|11244|23885|7264|25422|19346|6844|5377|10197|10406|5517|6984|7753|11245|6216|80458|6076|5657|48540|75219|72006|10197|37785|5378|11942|48190|75010|5867|11245|5238|71587|3911|3073|4540|13829|24026|14946|84787|55384|15505|20254|10337|3283|10336|40927|6077|80806|9778|70470|14667|10546|18019|15226|9079|72635|187175|80806|74311|4260|6775|6425|39111|79759|11733|73752|6774|73542|26539|77593|47632|6425|7612|7542|50006|6425|119080|75080|8870|46724|29543|7404|6146|16831|32895|6565|6425|17181|12222|111118|15575|6914|42115|18368|39949|6216|8242|
19625|7333|70330|28076|173905|21860|42952|7473|28007|34013|8451|5308|11384|11314|14946|7613|10756|13619|6565|112584|6775|5727|68933|90305|73822|10477|40648|5866|13549|50985|81156|7193|13060|6286|74451|4120|3003|3282|12781|23607|16831|74381|53638|14946|11105|9638|3073|9080|31079|5727|71867|8660|69701|11454|9568|15993|15226|9638|78362|73683|70889|68723|3422|5169|5098|30939|153721|9708|70470|5168|69493|22070|75498|37715|5238|5797|4679|37365|5587|71587|51334|7333|28565|19346|6146|4609|14387|26749|5168|5168|14317|10057|78921|9289|5937|28425|12921|23537|4610|5169|
14806|5169|40578|7403|71518|11454|22628|6425|23816|15784|5727|4819|9429|8870|5168|12641|10616|11733|6077|80667|5727|6565|42883|74381|71657|9568|32197|5099|11174|36387|120546|5727|11034|4749|72146|3632|2863|2933|10337|19067|14038|71588|43162|15225|11035|9778|2933|9010|31848|5727|73683|8660|71099|14597|11873|17810|14736|9219|76476|73263|70959|69352|3422|5378|5657|31149|79130|9778|69911|5517|69143|22140|74032|38482|5239|5936|4679|35270|5099|71378|113702|8102|31079|17251|5727|5308|14388|27308|5099|5098|14667|9918|73892|8800|5936|28774|14527|24025|4609|4680|
13759|5448|38762|7473|79410|11454|23327|6565|23327|16203|6356|4889|9219|9429|5098|6635|7123|10477|5657|76686|5448|5447|42114|74451|71238|9568|33803|6565|11804|39530|77803|5657|10546|4609|70400|3632|3073|3003|10686|19556|13968|73263|46235|14807|10825|9917|2933|8869|31638|6356|76407|8730|360102|17810|12432|36946|57619|11175|129975|78432|74172|73892|4470|6565|6356|40368|81016|12850|71028|5797|73333|23187|74940|49099|9219|9009|6425|43022|6285|103435|67886|7892|39390|26889|6077|5099|14737|28845|25143|5727|15086|13269|86534|12152|7193|34851|15854|33663|4888|4959|
18229|5658|52730|8241|83390|11385|81994|7124|24933|21860|6984|5308|10406|10825|5308|6565|7822|11384|6006|87232|5937|6076|47212|74870|72635|9708|36946|5099|11035|38832|74311|5657|10825|4679|72285|3562|2864|3073|10685|18997|14178|72006|42603|15156|10965|10197|3842|9079|32127|5517|72425|8451|69981|11454|9149|16902|14038|9080|71587|72984|70819|72774|4679|5797|6915|30800|190038|9429|69841|5308|68724|24864|78012|42812|5517|5936|4889|40508|5029|78990|70470|7892|32197|22000|5937|4749|14038|26610|4959|4959|14108|9988|75149|10756|6006|29194|14457|24305|6146|11524|
18997|6356|62438|9778|109860|22559|35479|9359|26819|23397|7194|5169|10546|9987|5378|6844|7753|11314|5937|84438|6146|7683|46584|80318|71937|9708|36457|5099|10895|45676|193461|6355|11803|4889|72076|3632|3143|3003|11873|21022|17600|73823|50984|15016|10965|9638|2934|9219|37435|5797|72915|8590|70051|11175|9847|16273|15295|9079|71238|76616|70120|69422|3981|5797|6914|33174|75708|9080|69492|5308|68793|22558|74730|39181|5308|6216|4889|37994|5098|150229|59784|7613|29194|20813|6635|6356|16273|28845|5238|5028|14527|10197|86953|10965|6007|29054|14946|26470|4749|4819|
15784|5727|44210|7543|75847|12362|23467|6355|25353|17321|6496|5378|9987|10615|5797|7682|8730|12501|9080|95962|7124|6984|55803|76965|76266|12222|40997|5518|13479|46026|79899|5937|11035|5308|71447|5308|3352|3143|12082|22488|13898|73333|47352|15295|11175|9707|2864|9708|33454|5796|128717|9149|70400|11175|9708|23815|16832|9359|75358|72984|70540|69352|3492|5308|5238|35130|77593|10896|69702|6216|71238|22978|74311|41765|6077|6355|5029|38413|4959|71378|58667|7613|28914|21650|5796|4889|14178|26330|5098|5168|15435|10616|74381|9080|6076|29473|14248|23956|4819|4539|
14946|5517|41207|7543|145898|11593|22838|6635|25213|16483|6146|6565|10267|10337|5098|6705|7613|11175|5867|77453|5517|5447|44698|74521|72635|12012|33873|5378|14946|40787|78222|5517|11035|5517|71867|3422|2864|2863|10825|21511|14248|72495|50285|15016|11035|9917|2934|9288|30590|5587|72146|8311|69492|11174|9988|16482|14596|9010|71448|72984|69841|125295|3632|5308|4888|28426|75498|8870|69562|5098|69492|22629|74241|32965|5308|5727|6076|45117|6566|88489|58108|7962|34990|20953|5797|4819|14388|27098|5099|5657|17041|10686|78781|11244|5867|28635|14737|28775|4749|4679|
15365|5797|41835|7892|73334|11244|22908|6286|23117|17111|6216|5377|9847|10336|7124|7753|8520|12153|6704|86324|6076|6146|55315|77733|71727|10127|38553|7193|53149|37994|80946|8451|14876|7264|78362|3701|3003|3073|11873|25422|14946|76476|57688|15155|12082|9777|3143|11524|43511|5657|74520|9428|69701|11593|10336|16832|46724|11663|75777|74172|71308|71727|3772|5378|4819|36457|75219|9289|70540|5378|74521|22210|75498|35549|5448|6076|4610|38064|49447|71587|54546|7543|30031|20045|7403|7962|18718|33453|6076|6425|16972|11803|87092|11315|7054|29752|15155|31987|4819|6566|
15715|5657|49657|8101|73892|11594|23327|6635|24026|16971|6425|5308|9847|9777|5168|6704|7124|10406|6147|74870|5517|5587|39670|74451|73124|11943|34990|5378|10966|33734|72076|5657|10756|4749|72356|4050|3004|3143|10127|18788|14248|73543|43231|15086|11244|9777|3352|8661|31778|5727|178305|10686|70889|11524|9009|16203|14178|8800|71936|73473|71517|69771|3492|5308|4958|32127|76197|9359|70889|5308|69282|22978|74381|38134|5308|6077|4610|37226|5028|73264|53289|7194|29543|20394|6845|4958|14946|26889|5168|5587|15016|10406|77524|9708|5937|29682|13479|26470|4819|4750|
14807|5588|43511|7543|187663|11804|23466|7962|26539|20254|8311|6704|10895|9848|5168|6844|8242|12292|6006|87232|6216|5657|48750|77942|72006|9778|34013|5029|11035|41346|73682|6285|11244|4889|73962|3562|2863|3003|9918|19975|14877|79130|49168|15644|12222|9778|3073|8730|37226|5867|74800|9359|70190|12362|10057|17670|15435|9150|73403|73613|71588|178445|3702|6775|4889|35549|75848|9988|70889|9079|77244|26190|75149|44489|6914|6495|4749|38901|5238|72914|61739|8661|35340|23886|6285|4889|14458|27936|5308|4959|14317|10896|75428|10267|9778|76476|28216|30102|4679|4679|
16273|5448|49797|8520|81016|11175|24165|6216|24444|19555|6635|4888|10406|9778|4889|6635|7682|11384|5797|79270|6146|5378|44908|73752|137657|10266|36177|4958|11175|44000|74800|5308|10616|4749|70539|3701|2934|2933|12711|21511|13549|73194|51752|15574|10965|9358|3003|8451|33175|5378|73753|8660|69911|12013|10336|17600|15435|8870|73054|74031|70400|84369|4121|6077|5657|950260|212178|14387|73823|6635|73404|32127|85416|143663|7054|7752|4958|38832|4959|76895|67886|8312|35968|24654|5937|4680|13968|26330|5028|5029|14108|10127|78502|10546|5867|28426|15296|25003|4470|4540|
16552|5099|41905|7333|74101|11384|35619|7543|25562|19276|6285|4958|10057|9568|5029|6355|7123|10756|5937|80736|5587|5308|42324|74800|76756|9289|32476|4819|10546|35061|71936|6007|10895|4400|76826|3632|2863|3003|9987|18648|13758|75149|48191|14807|11384|14946|3283|58038|43302|5796|82692|10546|71447|12711|11174|23536|16692|10546|78851|73333|70959|69701|3632|5308|4889|39181|78082|11524|69562|6635|69422|22838|74660|48261|5447|5867|4540|39950|4959|72495|79270|10476|40717|27727|7333|5796|16273|30730|5867|5029|14946|11174|136539|13200|5797|32337|16413|38273|4540|5098|
66838|6566|62717|7613|82832|11384|22908|6356|24933|21791|7333|4959|11664|10965|5029|7124|7822|11035|6146|86533|5937|5517|47423|74171|71168|10127|38692|5378|11105|45956|77035|5797|11035|4540|71378|4120|2864|3073|12571|26330|13759|74939|56083|15365|11104|9568|2934|9498|34920|5447|73753|196603|91212|14388|11175|22559|17600|9569|77105|74451|166152|75498|3701|5238|5029|41346|74870|13339|70679|5866|68724|21930|73822|49029|5308|6077|4540|38902|4959|72635|65860|7612|28146|21022|5657|4610|13689|26819|4889|4959|14247|10057|74451|9429|6216|28845|14877|25911|4470|4470|
15435|5029|41276|7333|74591|11384|23955|7054|26120|19974|6704|5587|15155|11663|5099|7263|8591|12572|6076|96521|6077|5517|53777|73753|185429|9918|36876|5168|10336|43441|71727|5307|10546|4679|70819|3771|2933|3492|13339|19765|14317|109790|54965|19416|15086|11244|4051|12292|98476|6775|116774|12711|72635|14527|11663|23048|16553|12082|83740|82203|70958|70050|3353|5378|5238|41905|77733|10686|69492|5867|69422|21861|175231|45187|5448|6146|4609|39321|5029|73054|67886|7683|28076|20882|5657|4819|13758|25911|4889|4959|14108|10337|90584|10127|5937|30730|15435|27447|4610|4610|
15715|5727|49098|8590|82692|11174|25492|7823|26191|20464|6705|5168|10197|10267|4889|6565|6844|10337|5657|75219|5658|5377|44908|74591|71238|9778|36806|5168|11104|38622|76477|5517|10546|4680|70819|6984|3003|2933|12082|23257|15086|81086|138216|19346|16063|9708|3073|10965|45606|5727|93936|11384|69143|11314|10197|17460|15574|8940|72775|72286|69283|68305|3911|5448|4819|39181|77105|9778|69283|9847|68654|22069|74102|47073|5588|6495|5028|40159|5029|79410|67536|7543|31499|22279|5866|4750|14737|27099|5239|8451|24375|12850|127391|13340|6356|114051|17949|38273|5168|5098|
17111|5867|65721|8591|85834|11245|23327|7404|26749|22139|7194|5028|10127|10266|5169|6705|7543|10895|5797|83461|5866|5378|43790|74520|71448|14178|38273|5028|10546|40159|73263|5377|10685|4400|70610|3842|2863|2934|20393|20114|19835|82762|48680|15085|11943|9429|3143|9428|35410|5657|74242|8800|69772|11454|10895|15994|16343|9079|73054|128718|72496|69004|3422|5098|4959|35549|74870|10337|69422|5657|68235|21860|75498|39740|5169|6006|4539|37715|5028|70400|58666|7333|27867|19346|5517|4399|13689|26261|4889|4958|13968|14178|93378|12990|7333|38133|17041|37994|5867|6146|
18927|7263|68305|11175|118730|14318|36876|16553|42813|31847|9288|10267|13619|13060|8101|29124|12432|21022|7962|153650|18298|8730|81295|237670|75708|11244|42952|6356|18717|720413|146178|9847|19276|6495|84438|5239|3352|3422|16831|35689|16203|94984|74870|15854|12711|9638|3003|10686|52731|5727|77035|9219|70260|11873|10826|16692|15994|10057|73193|72565|70050|68933|3422|5308|4958|39670|76616|9499|69003|5797|68515|91282|76267|48749|5308|6285|5099|39810|5447|76197|67048|7753|29612|23048|5727|4679|14178|26679|5238|5099|14108|10266|76755|10755|6076|29124|15016|27587|4400|5308|
16552|5657|45886|7683|79619|11663|25143|6356|26051|19905|7054|5168|10266|9847|10337|6565|7333|11314|6146|85346|6146|6425|54057|74870|71518|10476|39949|5099|11803|45746|71797|5937|10616|4819|70819|3702|2863|3073|11803|21371|13689|145270|53498|15156|10965|9499|2864|9010|35479|5447|72915|9010|68863|10826|9987|15923|15574|9359|70750|72635|69772|68863|3352|6426|5098|33454|75428|9009|68584|5238|68305|21790|73543|37505|5098|6006|4679|38552|4819|69981|56152|7543|28216|19835|5587|5029|13898|26470|4889|4959|14458|10127|148623|9988|5796|28914|14247|25073|4260|4610|
15714|4889|42883|8311|81994|12851|28216|6705|24794|194299|9987|6984|12642|12572|6775|9428|11174|18019|7682|142755|7962|7403|72215|97778|85765|10826|41835|6216|16552|54267|89466|5867|10826|5727|73194|3701|2933|3003|12781|30102|14946|79898|72845|15155|12711|9848|2934|10267|47213|6356|88000|10826|69632|12432|10826|20883|15645|9219|79130|186127|72076|69282|3492|5168|4889|39669|75498|11733|70679|5867|70819|28914|74869|48609|5307|6076|4749|39041|8242|72425|68165|7752|28076|23886|5658|4889|13759|26400|5168|4959|13969|10057|79550|10406|6146|28844|14877|25701|4400|4470|
15923|5308|42254|7264|71797|10895|22838|6495|24514|16343|5797|4889|10197|10057|5099|6704|6775|13130|5937|74241|5378|5308|97079|75988|71238|9499|38064|5378|11454|43301|73403|5587|10756|4820|76965|3702|2934|3143|11035|21651|14038|71937|56642|15156|11663|9639|2934|9847|40159|5867|79339|9568|69702|12641|10965|19975|16413|9428|74939|72216|69212|68375|3841|5727|4679|41626|76267|10965|69143|6076|936851|53358|95822|62508|6006|6565|5029|47282|5308|82133|76406|40508|33943|29961|6635|5238|14248|28495|5588|5099|15365|10686|90305|12781|6077|30381|16692|32127|5937|5517|
18718|5797|63834|8591|93587|11524|26749|6775|25841|23746|8521|5377|10686|10616|4959|6915|7543|10896|6216|90235|6146|5727|53638|75149|71029|10057|38552|5029|12083|47562|72425|5517|10476|4819|70260|3772|3003|3073|11733|21441|13689|204216|51682|15225|10686|9917|3212|9358|37714|5587|76686|9359|69213|11524|9987|16972|15574|8661|71029|75219|69492|68654|3911|5028|4888|34991|76406|8730|69004|5588|68374|21930|74171|38133|5168|6215|4610|38552|4610|70749|57270|7333|28286|19486|6355|182984|21232|39530|6774|7193|17390|13130|359194|15015|7403|42463|17669|39460|5866|5866|
18578|6007|65721|13060|82343|12920|25912|6285|25492|22489|7333|5169|10406|10266|4958|6635|8031|11384|6006|98057|6426|5587|54546|119428|76266|13410|41695|5657|14038|49168|85695|5937|10756|5098|73403|3771|2863|3073|12572|25631|18857|76825|64813|15086|12502|9778|3771|11035|46444|5518|81784|10616|69842|12153|10407|19416|16343|9428|152394|74172|69981|69842|3492|6844|4889|38273|75568|11035|69492|6425|70889|31708|74590|50146|5378|6146|4679|39530|5098|72076|66908|7822|29054|23537|5797|4539|14457|26470|5029|4959|15016|10336|82832|11454|5727|30172|16342|29753|4540|4610|
17041|5587|51613|7682|76756|11035|23187|6286|24235|19206|6635|5658|9917|9847|4959|10476|7264|10267|5937|144920|5797|5447|49098|74311|70539|9499|36317|5099|11384|42953|71797|5448|10476|8800|70889|3562|2793|2934|10685|19206|13689|71378|42882|14737|10546|9498|2793|8870|32966|5587|73543|8730|69073|11314|10965|17320|15225|9848|72845|72635|69353|68445|4050|5448|4889|36946|74800|10895|130673|6076|77873|22699|74521|46025|5168|6076|5308|40438|4889|70470|66000|7542|28216|23327|5797|4610|13759|26889|5029|4959|14039|13479|75848|10267|6006|29334|15016|29404|4539|4749|
16902|4959|43162|7472|71658|10895|22070|6146|23746|16413|6356|5029|9638|9638|5029|8591|7962|11314|6565|78223|5588|5657|45327|78920|71378|9428|35968|5168|11175|38483|71378|5448|10616|4679|135701|4400|2864|3003|11035|21442|13898|72565|43441|14667|10895|9708|3143|8940|30800|5448|72076|8381|69283|11245|9079|15784|14457|8800|71028|72565|69632|69981|3492|5098|4609|29264|74800|8939|69213|5238|68375|23467|73682|35689|5238|5727|4749|36597|5028|70051|55104|7473|28704|21092|7822|5936|17461|125644|6915|6286|23607|23606|164755|15155|7892|57619|17739|42673|6495|6076|
20324|6914|75219|11943|118102|14038|27448|6705|32826|29473|8451|5447|11384|11245|5238|6985|8660|12781|6146|100920|6495|5448|55244|74870|72425|10686|38483|5168|11524|51892|87651|5796|12222|4889|72914|3841|2794|3143|12571|23466|14108|74242|56781|14876|11244|9568|3911|10476|38971|5657|79479|9988|70749|11804|10127|19346|15365|9079|215670|75149|71029|71657|4121|5447|4889|40578|79759|12571|72635|5937|69492|23118|74520|50844|5168|6216|4819|89885|10616|121105|94076|8311|49587|26820|6495|5029|14387|27028|5168|49168|24235|12641|89187|12293|5588|25422|15994|34501|4260|3980|
14877|5378|45606|6146|52311|8241|15296|5448|21232|13479|6704|4539|8940|8870|4470|5587|5378|7612|5238|52172|5029|4539|26679|52381|48470|8521|45327|5587|9289|32476|57410|5099|7892|4330|50775|3352|2444|2654|8591|13759|8520|50146|33943|10127|7822|6216|2654|6146|23257|4470|52450|6286|49448|8381|7403|11244|10965|7473|48888|50007|48190|48749|3003|4051|4120|23746|52590|5937|48750|7682|58946|18578|51543|28146|5308|4679|4540|31638|4121|50425|44838|5937|20534|15575|5168|4260|9358|18019|4331|3772|9359|8381|58038|8311|4889|19695|12571|18927|3632|3702|
12292|3981|34991|5797|54476|7892|15854|4889|20883|12641|4679|4051|7682|7892|4050|5238|5029|7682|5098|53708|4121|4401|29124|52102|48191|7753|25841|3981|7124|27238|50285|4540|7403|3842|47841|3283|2515|2584|21162|14666|8661|51473|32476|9917|7752|6215|2654|6355|23956|4609|50774|6076|46514|7962|7334|10965|11524|8940|59994|62718|46934|45536|3003|4050|3562|26121|55034|6985|46584|4190|44210|14317|49518|25562|4050|4958|3772|28984|3981|47213|36876|6007|19765|12362|4540|3632|8800|16972|4190|3841|9359|8032|51682|7543|6356|22629|12641|22419|4679|6845|
18369|6565|51473|8800|91143|8870|25841|6146|23886|40089|7263|5238|9778|12083|5657|5936|7194|11664|5866|76756|5308|4331|41066|52451|48331|8031|33594|4400|7752|48121|63626|4959|7333|3562|51123|3422|2515|2514|10196|15645|8451|48750|28216|10127|7892|6705|2584|6286|21650|4539|53219|6216|46096|8381|6844|11244|12292|7542|48050|48260|45397|44699|3003|3911|3841|20813|52242|6007|45816|4680|45117|14527|49308|22559|8590|6146|3911|32266|3911|57410|38971|6146|23956|14387|4889|4191|9080|17740|4470|3981|10057|8311|52520|7333|4888|19905|10895|16064|3632|3422|
11734|4051|28845|5518|51193|7962|15434|5099|21721|11315|4120|3771|7193|6635|3562|4959|4959|6914|4680|51612|4120|4190|27657|51403|47911|7613|27657|3702|7054|24445|49727|4819|6984|3283|47492|3143|2375|2445|6985|10755|8101|47632|27238|9638|7194|6076|2514|5517|20254|3841|49029|6076|47073|7473|7822|11803|9428|7473|51473|48470|45676|44977|3003|3911|3631|17879|50775|6006|45467|3911|44699|14178|49377|22629|4679|4191|3283|27937|4190|49448|33454|5238|20533|16692|4820|3492|11594|17809|4121|3632|9289|7054|50007|6775|4679|19136|9080|16832|3492|3212|
9987|3911|26121|5378|49587|7892|14876|4400|17949|10337|4051|3492|6565|6844|3562|5238|5168|7054|4120|52102|3981|3631|26261|51054|47003|7123|20463|3562|6914|20114|49029|4190|7054|3282|47003|3423|2444|2723|6356|10895|8172|48749|26749|9638|7263|6356|2514|5797|21232|4190|48750|5796|44769|7752|5796|10267|8381|6216|49867|56921|46515|45606|3004|3841|3492|18438|50146|5866|45327|3981|43651|14178|49098|22489|4050|4330|3213|26120|3911|50356|35060|5168|19835|11873|4261|3561|8521|16692|3841|3702|9498|7473|50356|6565|4191|18996|9638|16482|3911|3352|
9987|4330|26609|5448|48191|7892|14736|4749|19625|10546|4261|3562|9848|7613|3841|4819|5378|7753|4260|53987|5098|4400|27797|52870|47073|6984|22349|3632|7263|22768|49099|4260|7124|3353|46165|3212|2444|2444|6425|10477|8102|48190|25702|10965|7403|6006|2445|5797|20254|3981|48819|5936|44628|7752|6076|10196|8311|6704|47003|47911|45188|44699|2933|3702|3492|15784|50635|5797|46095|3702|44629|14177|49727|20323|3911|4051|3283|21930|3492|48889|28565|4610|18648|10965|4050|3212|9499|17181|3632|3282|9079|6984|52171|8590|5867|23816|10476|21650|4191|4120|
12083|5168|158819|7892|71797|7752|16761|5447|19625|14667|4959|3772|7822|7194|3492|4959|4819|6984|4400|51961|4540|3911|27587|51194|47562|7473|26400|3841|7194|27448|49028|4400|6914|3142|46584|3213|2514|2444|7683|10896|8451|47981|27727|9568|7194|6146|2514|5727|21302|3981|52171|6076|46724|7613|6216|105111|18159|9009|84508|50915|48121|47632|3073|3981|3632|27517|52800|7823|46235|4261|45117|15156|50146|34571|4190|4679|3631|31009|3841|50355|48749|5867|18578|16203|4330|3632|8870|17321|3981|3841|9499|8311|51613|6844|5238|20603|9079|16762|3422|3422|
12082|3911|26889|5727|52171|7822|15155|4959|21581|10616|4331|3772|8032|7752|4120|5587|5028|7193|4749|51822|4889|3911|26050|50845|46863|7543|20114|3352|6845|21860|49029|4121|7124|3283|46305|3422|2444|2374|7263|11174|11664|53708|28635|9987|7822|5797|2374|6216|23396|3981|49937|6426|44978|7543|6356|10267|9499|7193|49378|49588|45467|44768|2863|3701|3492|17670|51613|5866|45187|4610|43860|14318|49518|21092|3981|4051|3073|24235|3911|48400|31429|5238|18927|15993|4958|3702|9149|22489|4121|3632|9428|7753|62648|7403|4610|20323|9708|19905|3561|3911|
11315|4609|32826|5797|51612|7752|14876|4750|18159|11035|4609|3702|7682|6635|3702|4889|4959|6984|4470|62158|4260|4540|27727|51892|47492|7194|23956|3771|7403|22419|48749|4330|6915|3143|48819|3143|2374|2375|6146|11663|12851|52171|28076|10196|8102|6076|2445|5588|20394|4889|52031|7193|50285|9917|7822|14317|10546|7054|52311|56362|49797|48819|3562|5588|4889|33384|64533|9498|50705|5658|53987|24794|55104|49658|5727|5029|3911|34501|3981|56013|57550|6216|23816|20045|4680|4260|9428|18019|4191|3981|9150|8730|55873|9080|4679|19625|14597|18717|3771|4260|
18019|4401|38832|7752|54546|7822|17460|5168|23467|42673|5587|4191|9079|8730|3632|5098|5518|7682|5587|55314|4610|4120|30032|50495|47422|8172|29124|4400|7543|29334|49098|4190|7124|3352|47422|3213|2444|2863|7682|11663|8451|49098|28216|10407|7473|6146|2514|5936|20184|5238|49238|42952|55523|10755|8241|15086|14387|9638|114680|57130|54127|49867|3702|5378|4750|31429|53568|10756|56013|4749|50426|17460|50495|38971|4121|4679|3562|31079|3841|47562|51893|7264|22209|19556|4609|3911|8730|17530|3841|3981|9149|8730|51403|6984|5587|19206|11663|18159|3353|3423|
12991|3841|31498|5867|48959|7752|15225|5168|19765|113841|6565|5169|9638|9498|5098|6425|7194|10546|6077|70819|5587|6006|43860|55524|50006|8939|30591|4889|9498|37296|53847|4889|8800|4889|52171|3772|3423|3213|10336|20254|10825|52660|45607|12152|10546|7822|3562|9080|35898|5448|75848|8660|50984|10476|9498|17041|13200|8590|55453|53778|48819|50006|3562|7682|5238|36038|67327|37016|54546|5727|48749|19206|50984|43860|6495|6565|5517|35550|5238|58178|59016|7194|25702|21372|5797|6006|13200|20883|4190|4051|9778|24445|163638|12921|5518|57759|31708|44349|10057|14527|
20883|6356|70330|10756|129276|8870|36108|5936|23048|24025|10895|6076|24165|11803|7264|8241|8730|13899|5378|119778|5937|4540|56851|52102|48120|8381|33943|4260|9429|49518|56292|4609|7753|4121|47562|3282|2445|2654|10407|23816|8940|52241|38273|10127|8171|6426|2584|7613|23816|4470|53009|6286|46165|7962|8172|11385|13200|7822|48190|48540|45327|45187|3561|4470|3911|26819|53917|6844|46305|4610|44349|14946|49378|29962|4261|4749|3771|33593|3841|47841|44629|6216|19276|15086|5308|3771|9568|33035|5727|4470|12921|8800|71448|8590|5099|21581|11664|21232|3562|3632|
13479|3981|39251|5587|56571|10476|17390|5447|22000|13688|4749|3631|8171|8102|3562|5238|5308|7403|5099|54546|4400|4330|28984|50775|47143|8032|28984|3771|7613|28845|49727|4330|7194|3283|47422|3003|2375|2585|7543|11664|8450|47981|28984|9917|7753|5866|2514|6146|21930|4051|50635|5937|45676|7892|6914|10965|10826|7264|47562|48540|44559|45607|3003|4051|3562|22349|51962|6285|47912|5029|48051|14667|50774|24863|4191|4191|3283|27098|3771|54826|43720|7263|25073|16761|5797|6914|13829|25213|5518|5029|12781|10267|92400|9988|6006|22350|16972|29403|4539|4679|
14387|36876|47282|7403|66559|8870|19905|6356|22699|18368|6774|7123|11384|10406|5308|6705|8590|12781|6146|94356|7892|6216|65931|72496|865822|16343|40089|16831|20883|56711|129835|5238|7753|6705|61949|3562|3422|2794|11245|22838|8730|51682|59435|10127|8590|6007|2724|8242|23397|4749|50984|6285|46095|7822|9289|10756|13061|7892|49169|48121|45188|49727|5029|6076|4610|36318|64184|7613|49727|5238|50006|15644|52940|37924|4679|5098|4401|34293|4260|65511|44629|5936|18787|15644|4680|3841|8800|16692|3911|3632|9219|8730|50565|8101|4959|21860|10266|18857|3771|3632|
12013|3912|28356|5657|51961|7683|14666|5238|20254|11523|4330|4051|8312|7473|3492|5168|5098|7054|5587|54616|4190|4191|30171|51404|47283|7752|22280|3771|7194|24724|48959|4330|7473|3142|47003|3212|16693|2585|8311|12362|8311|51613|27168|9638|8311|5936|2374|5797|21301|4330|50006|6076|44978|7892|6705|10546|10058|7194|47772|48609|45257|46864|2934|3911|3213|18648|49867|5727|45187|3912|44489|14178|51333|20533|3981|4400|3143|23397|3492|47492|30940|4680|19346|11035|4121|3283|8451|16552|3911|3632|8940|6984|49308|6146|4400|18927|8381|15854|4470|4191|
11594|4680|33175|6565|60482|7752|17809|5029|18578|11663|4400|3492|6984|6705|3492|4889|4889|7054|4540|50356|4121|3841|24794|50146|48330|7473|22419|3562|7054|23816|49727|4191|7054|3213|48959|3143|2445|2235|7613|10336|8171|53847|27797|10266|7543|6006|2794|5727|21442|3981|51473|6285|44838|7752|5727|10476|10476|6984|46095|48330|46445|44907|3073|3842|3422|18927|50006|9219|52381|4330|45955|16413|50146|23606|4260|3981|3283|25492|3422|48400|34850|4889|18787|11873|4330|3562|8591|16552|3841|4121|9638|7404|51543|7472|8101|21371|9638|18578|3492|3422|
9847|4051|28844|6146|52241|7753|15155|4958|16971|11384|4749|3772|6915|6775|3632|4749|5028|6984|3981|51752|4540|3841|26051|51263|49657|6914|21232|3422|7752|23467|49797|4539|7264|3213|48679|3212|2375|2444|7054|11384|8381|47492|28006|9848|7543|6007|2444|6076|20743|4330|49238|6006|1299956|22628|9987|21651|14178|7822|55873|50146|46654|47422|3283|4470|4190|33314|54616|9987|45676|4749|45955|14596|49238|43022|4610|4889|3492|31638|3771|49378|57200|5936|18788|12851|4610|3702|8731|16343|3772|3772|9079|8660|53498|6146|4959|18858|9499|15714|3282|3352|
10407|3562|25841|5377|48609|7403|14876|4959|20044|10266|4121|3771|6845|7962|3632|5098|4819|7264|4679|51682|4120|4121|25073|53708|46863|7473|19904|3282|7194|23117|49099|4470|7263|3213|47213|3352|2654|2444|8521|12991|8241|49098|33454|9707|7892|6565|2374|6076|24724|5307|51264|7194|47842|8520|7264|11733|10686|7403|47702|63555|53638|52102|3562|5238|6076|133676|75289|11384|50774|5797|50704|17670|53569|44838|5308|7264|4330|39530|4261|56641|63695|6425|23676|18996|4469|3911|8800|16762|3841|3911|9149|8730|53219|7962|4959|19416|12641|16623|3213|3352|
13479|3562|27657|5517|53219|7752|14666|5028|20044|10266|3841|3981|8032|8801|3562|4959|4819|6915|5447|53569|4190|4261|32337|52172|46933|7682|27099|3911|9079|27657|48470|4260|6914|3492|46165|3283|2654|2445|7193|13968|8032|47073|29892|9568|7822|6775|2445|6355|22279|4400|50914|7264|49378|8381|7193|10895|10266|7613|47981|56222|44908|44349|3003|3981|3842|20044|53150|5936|45467|4400|43231|14527|48330|24934|4051|4120|3492|26260|3702|46724|37226|5098|18648|13759|4400|3283|8381|16971|4260|3562|9289|7683|50007|6286|4889|19556|8241|15644|3213|3212|
9847|3492|26051|5168|48260|7612|14597|4330|17460|11315|4120|3771|6216|6705|3562|5238|4958|7333|4540|52590|4121|3841|28425|51054|46096|6844|21721|3702|7333|24514|50426|4051|7124|3422|46025|3004|2445|2305|6565|12222|8171|46584|26050|9569|7054|5937|2444|5447|19835|3980|48889|6285|47142|7962|6216|10267|10057|6704|47562|47772|45187|44000|2934|3841|3422|18229|50286|6216|46026|3981|61880|14737|49448|24723|3911|4400|3352|25352|3492|48959|33943|5238|18927|12362|4540|3422|8940|16692|3911|18857|12082|8800|60413|6286|5238|35899|11244|18508|2864|2864|
10825|3212|32616|4680|50006|7263|14807|4889|18508|10476|3771|3143|6635|7404|2934|5447|4959|7124|4260|49099|3631|3631|24864|48679|58317|7683|38832|3771|6984|23467|47423|3841|6774|2654|44279|2515|1886|2723|6705|11035|7962|46864|26959|9149|6635|5587|2235|5517|19974|3771|48889|9220|50565|8660|6566|12362|10755|6774|50355|93308|45536|44280|2374|3562|3143|20673|49378|5587|46096|3841|43162|13758|47911|25842|3493|3772|3003|26609|3282|47492|39949|4679|18788|11523|4190|3143|8521|16273|3212|3003|8730|7403|48959|5937|4470|18438|8939|16901|2863|2793|
9638|3562|27587|4819|48330|7334|15645|4330|18787|10476|4191|3142|6146|6705|2933|4540|4400|6355|3841|49727|3841|3771|26609|49308|44838|6146|20393|3283|18229|37924|71448|5377|10616|5308|50076|2584|1955|2165|8031|20464|13130|53987|162032|11803|8660|5727|2374|7054|29404|3702|53289|6356|132908|8450|9219|14527|14736|7612|60762|51124|55035|48819|3143|4750|4470|35619|53569|9289|47981|4679|45816|14317|47911|36737|3422|4540|3352|32197|3492|46374|56641|5308|18229|16343|3981|3073|9428|17390|3561|3422|9288|8031|49588|6076|4330|19067|10406|16203|2723|2793|
11873|3073|27518|4749|47073|6984|14527|4749|20114|9848|3701|3212|12572|7264|3003|4819|4400|7124|4191|50146|3771|3492|26051|48888|47771|7193|20883|3213|6844|25282|47492|3772|6635|2794|44489|2375|2514|2095|6426|11734|7892|51543|30031|9638|7054|5308|2025|5308|21790|3772|48820|5797|43790|7124|5797|10196|10058|7194|45607|47212|43441|42394|2375|3492|3073|19067|48749|11314|51473|3911|44419|17111|49238|22838|3492|3562|2863|26540|3213|46445|34920|5518|18997|12711|3911|3073|8171|15924|3422|3003|8590|6914|48889|6565|4400|18787|10267|17111|2934|2794|
10057|3422|27797|4749|47282|7054|14387|4470|21022|10127|4050|3073|6845|7193|3422|5098|4819|6635|3911|51682|3701|3422|28635|50076|44629|6775|25003|3353|6774|25492|47003|3911|6565|2934|44140|2724|2025|2305|7333|12292|7892|46305|28775|9359|6565|5378|2026|5308|21302|3562|47423|5448|43720|8031|6077|12920|10197|6984|50076|46654|43301|44070|2305|3352|2863|18508|48470|5657|43232|3632|41207|13479|46724|21511|3353|3632|3004|24723|3701|46444|30940|4819|18229|11174|3911|3003|8032|16412|3282|3143|8940|6914|47282|6355|3981|20533|8102|17181|2864|3353|
8800|3282|28425|4819|48400|7683|15295|3981|16832|10477|3561|2934|6565|5727|3003|4400|4400|6356|3422|48470|3702|3981|25981|49867|44908|6565|20184|3004|6565|22210|46026|3772|6705|2793|45397|2374|2305|1885|6565|11384|7961|45746|28006|9568|7193|5378|1955|5308|21790|3562|49029|5866|43093|6914|6775|10127|9917|5937|45746|46793|42813|42882|2305|3771|2864|20115|266375|10058|51333|4400|96311|20882|49168|32895|3493|4120|3003|28635|3283|47702|46514|5517|18019|15435|4121|3701|8940|16832|3283|3213|8730|7683|49168|6426|4750|19137|10686|15853|2794|2794|
10615|3073|26120|4888|47492|7193|16343|4331|19765|10476|3702|3212|6985|7473|3073|4749|4539|6635|4120|50216|4121|3562|28007|49169|44629|6915|22279|3981|7193|26540|48121|3911|6565|2653|44210|2585|2095|2095|9149|13270|7752|51193|32756|9289|7683|5587|1956|5797|24235|4400|48959|5797|43790|7054|6496|9778|10895|6426|46235|46235|43022|50495|2514|3422|3003|22908|49308|6215|42534|3632|43022|13759|46934|25701|3492|4051|3003|54476|5029|52311|50495|6006|26120|19905|6915|4400|12921|25841|4330|4400|10755|9638|87721|11035|5517|21511|13549|30591|3422|3422|
12920|3492|47073|5028|49657|6914|14247|4330|20603|12152|4959|3073|7403|7683|3212|4469|4330|6426|4260|51194|4051|3562|25423|48539|45467|7193|30032|3562|6426|22489|46584|3841|6355|2794|46374|2445|1956|2234|6984|10476|7542|46515|26609|9498|6914|5378|1886|8591|19904|4330|47981|5308|42812|7264|5168|10546|9708|6355|45886|46095|42813|42254|2514|3422|3004|16343|48750|5867|43790|3213|42743|13689|49867|20533|3493|3283|2724|23118|3073|45327|32057|4120|18368|10825|3702|2934|7893|15715|3492|3073|8311|6006|48400|6006|3772|18508|7962|15365|3352|2793|
9219|3352|25911|4819|49797|6914|14387|4190|14946|9499|3561|2933|5238|5448|2863|3702|4330|6425|3422|49099|3701|3422|24514|48750|44279|5518|19416|3003|6635|20114|47562|3492|6495|2723|44210|3143|2025|2025|7124|12013|7682|52521|29543|9708|7194|5517|1955|5588|22698|3213|48400|6216|44070|7124|5448|10407|9499|5378|45397|45746|42114|59854|3422|5028|6984|44279|126204|11174|49867|5239|48819|18647|72146|45258|4470|5308|4400|35061|4260|50915|59155|6216|19486|22419|5238|5657|10615|19905|5308|4260|10616|9219|64464|8590|5238|22350|13759|23886|6635|4610|
18788|6007|50076|6355|67606|8032|18927|4470|19835|14178|4539|3771|8451|12781|3911|5378|4749|7753|4260|52031|4679|3841|29334|49727|45397|7264|29613|3562|6635|29892|48470|4051|6495|2864|45117|2584|1956|1886|7612|11873|7892|46584|26050|9080|6635|5238|2025|5936|21161|3562|48260|5028|44839|7194|5448|9778|9778|6495|45467|45815|42673|42464|2374|3352|3003|16133|48261|5099|43372|3632|44349|14597|47981|20394|3632|3562|2793|24445|4051|47492|31009|4609|18578|10895|3562|2933|8171|16413|3352|3073|9289|6356|48261|5727|3352|18507|7613|15575|2724|2514|
8870|4120|34851|6565|56293|8451|18228|4051|19206|11245|3981|3492|6705|6635|3003|4749|4540|6286|3772|48680|3771|3701|25422|48749|44489|6914|23466|2933|6286|24723|47353|3632|6495|3073|46514|2514|1886|1886|7124|9917|9358|50006|29404|9219|6915|5447|1816|5308|21791|3632|47422|5238|43441|8869|7613|12991|11943|8241|53429|48191|44209|42673|2444|3493|3213|23397|48959|6076|43162|3213|42254|13480|46863|22838|3352|4400|3073|27168|3073|46514|31359|4819|17600|9708|3492|2934|7822|15714|3073|3003|8101|6845|47143|5099|3562|18088|6984|15086|2794|2514|
8451|2933|24375|4330|45257|6774|13898|4121|17739|9219|3283|3422|4749|5447|2934|4190|4051|6006|4539|49098|3492|3701|23746|48470|44629|6635|14946|2724|6146|17670|47003|3492|6216|2584|43371|2374|1816|1816|4749|10336|7543|46444|24305|9149|6495|5308|1816|4400|18578|3142|47283|5099|43302|6915|4470|9708|6495|3911|44489|45606|41975|45397|2165|2794|2654|13340|47771|5029|42115|2934|40229|13340|46375|18088|2863|3213|2444|14806|2654|43301|25283|3561|18438|9288|3003|2514|8312|15994|2654|2514|8311|4470|46793|5098|2863|17949|6774|14667|2584|2445|
6635|2794|24445|5029|47143|7054|14317|3143|9708|9080|3282|2514|4470|4330|2933|3073|4120|6077|2793|47632|3213|3143|24025|47911|44140|4889|14317|2724|6216|17530|46165|3073|6495|2584|43441|2165|1676|1746|4819|9149|7892|44907|23886|9080|6425|5238|2026|4609|18717|2864|47283|5238|42743|6844|4261|9638|6355|4051|45117|46724|42184|41974|2095|2793|2445|13480|48051|5448|44350|3073|41904|13339|46933|18647|2794|2794|2514|14877|2584|44559|25003|3631|17530|9359|2864|2584|8241|15505|2724|2933|8870|4400|47143|5238|2934|18158|6705|14457|2724|2514|
6914|2794|23956|4610|45118|6844|13829|3213|9499|10406|3911|2654|4400|4400|2863|3283|4191|6146|2794|47772|3283|2794|23467|48750|44489|4470|14317|2724|6077|17460|46096|3422|6425|2514|45536|2165|1816|1746|4819|9009|7403|44769|25492|9010|6286|5238|1746|4260|18788|2794|45815|5098|43371|7194|4470|9848|6286|4051|46933|47003|43022|41626|2095|3282|2445|13340|47702|5028|42673|3004|40368|14318|53708|19415|3422|4190|2724|18997|2863|49657|26819|4051|18229|10057|3143|2724|7543|17041|2864|2654|8451|5238|48470|5588|3282|17950|7753|14946|2654|2514|
7333|2863|23746|5517|46445|7124|14318|3492|12501|9359|3283|2724|5168|4679|3142|3562|4191|6705|3213|48260|3353|3143|23536|48469|44629|5308|17041|2794|6006|17600|47493|3352|6285|2584|44699|2304|1816|1746|5447|9289|7962|45816|23955|9079|6425|5168|1746|4400|18927|3003|46724|5029|43511|6984|4469|9638|6286|4400|45257|51263|43581|42673|2374|3143|2515|13969|49448|5168|43511|3003|41137|13270|46723|18228|2794|2934|2445|15435|2793|45606|25283|4400|18508|9778|3003|2654|7892|15505|2794|2933|8241|4609|46793|5168|3003|19625|6356|14597|2724|2444|
6775|2863|27308|5867|47981|8102|15645|3353|10057|9499|3352|2584|4609|4539|2864|3212|4051|6216|3003|47911|3492|2793|24096|49727|44838|4610|15435|5588|6286|18368|47492|3143|6356|2653|43790|2235|1956|1746|5238|9359|7403|44768|24515|9010|6495|5936|1816|4610|19206|3073|46933|5308|42952|7333|4819|10127|6984|4469|73473|50635|47353|44629|2374|3212|2933|18787|51193|7543|49029|4679|47631|15644|47981|27028|3352|3772|3003|25283|3212|45747|38204|4889|18507|13270|3562|3562|8171|16273|3702|3073|8939|7194|49169|5797|3771|18717|9289|14946|2654|2654|
10616|2794|24235|4540|47282|7124|14178|4191|16693|10267|3562|5588|7543|15435|5308|4400|4679|7123|3911|48889|3492|3841|25702|48260|44558|6146|18159|2794|6426|19416|47213|3562|6426|2724|43721|2584|1955|1886|5308|10825|8031|44349|24375|9079|7333|5168|1815|4680|18997|3352|45885|5587|44629|7124|4958|9568|7264|5727|44419|46165|45956|42394|2304|2934|3003|13898|48958|5308|43721|3073|40857|13340|46864|20464|3073|3422|2445|19416|2934|45536|28146|3981|17810|9847|3213|3212|7753|15575|2794|2794|8102|5238|47143|5448|3911|18299|7682|14666|2654|3003|
8451|2934|25073|4610|45886|6845|13829|3492|13898|9219|3492|2793|5517|5168|2794|4260|4539|6215|3282|48609|3423|3422|23607|47841|44559|5448|17880|2724|6076|19765|45885|3353|6496|2654|44279|2444|1886|2026|5517|10406|7683|45816|25912|9079|6425|5028|1816|4609|19416|3142|46863|5029|42604|6635|4819|9498|7823|5307|46026|45746|42394|42464|2374|3143|2724|15714|47911|4958|44908|3213|41206|13270|46654|19905|3143|3772|2724|20743|2934|45537|29962|4400|17949|10127|3143|3073|7822|16064|2793|3003|8730|5517|47004|5587|3492|18229|7194|14527|2724|2933|
8870|3632|26400|4610|46235|7403|14458|3353|15226|9498|3562|2654|5518|5308|2793|3841|4190|6076|3352|48260|3492|3143|25282|48819|43651|6286|18508|2794|6076|20953|46025|3352|6076|2584|43931|2305|1816|1816|5378|10127|7333|44280|25073|9568|6496|5238|1676|4610|19136|3282|46374|5029|43511|6915|4889|9708|8172|5517|45467|47073|41835|42254|3073|9289|7193|34990|97289|8940|45607|3771|42743|13619|47981|38762|3771|3981|3143|29892|3212|45746|50705|4889|17949|17600|3492|3213|10266|18089|3353|3073|8660|7542|48749|5308|4121|18438|11943|15505|3003|2654|
15435|2934|26120|4400|48819|7543|14387|4539|19696|10057|3423|3004|6915|6565|2863|4400|4260|6146|3702|49238|3422|3492|25003|68933|50845|6704|20045|2933|6635|24305|48819|3632|6705|2654|44698|2374|1886|1956|5937|10756|7403|45607|26819|9219|6495|5308|1816|4680|19206|3492|47911|5168|44070|9777|5937|11804|8870|6355|50076|46025|43511|43790|2585|2934|2933|18089|47980|5658|42743|3213|40578|14806|49378|23117|3003|3423|2863|22628|2934|44419|34921|4260|18019|10336|3562|2723|7892|15645|2864|2864|8660|6496|47632|5657|3771|18508|7333|14736|2584|2654|
8381|2864|24934|4400|45466|7613|14247|3701|15854|9289|3283|2584|5099|6076|3352|4190|4051|6076|3282|48819|3352|3003|24933|48400|44139|6076|18158|2724|6355|69283|52939|3911|7193|3632|48959|2724|2025|2305|7613|14876|8451|59435|46165|13340|11664|5727|2025|6635|31917|3772|53708|6565|42463|7543|8172|10826|11245|7682|47841|45537|43512|41905|2375|3282|3003|27029|48540|5378|43441|3841|41974|13340|47213|22210|3422|4330|2864|28984|3422|46515|37435|4888|17740|11245|3492|3283|8311|15505|3073|2864|8590|7962|47981|5238|3632|18089|7193|14457|2654|3073|
7613|2794|24514|4400|45886|6844|14318|4120|18508|9010|3282|2934|5588|5378|2794|4191|4051|6006|4051|47282|3143|3841|24165|49098|44000|6425|19346|2724|6146|19066|46026|3631|6286|2514|43511|2165|2165|1816|5099|9568|7333|44489|25772|9289|6355|5168|1676|4400|19347|2934|47073|5168|42604|6635|4540|9428|6984|4749|45117|47422|41974|42115|2165|3212|2654|15086|49029|5098|42604|3003|40717|13340|46724|19137|3003|3212|2514|18508|2724|43581|27867|3772|17600|9568|3422|3073|8241|17391|4819|4260|10755|6076|52870|6774|3631|21511|9079|20114|2863|3283|
10546|3352|37365|5029|54477|7194|16902|4260|19905|12362|4539|3003|6775|6356|3073|4959|4470|7473|3772|54407|4121|3842|28286|49098|47003|7194|25911|3632|6635|25841|46305|3492|6426|2515|44768|2305|1886|2305|7194|10616|7822|46584|26260|8870|6425|5308|1955|4749|19695|3841|47352|5378|42604|7054|5098|9638|8870|5657|46235|45746|42184|41905|2235|3212|2794|17460|48679|5378|43790|3143|44139|13619|47632|20883|3073|3423|2654|21512|2863|46235|29613|3911|17949|9917|3283|3003|8171|15644|2934|3003|8521|5657|48820|5378|3422|18089|7333|14946|2585|3073|
8311|2933|24863|4958|47492|6915|14667|3562|15714|9219|3352|3283|5867|6984|3073|4051|4260|6216|3143|48889|3422|3492|25702|48750|45047|5797|20464|2864|6216|20114|47562|3562|6495|2723|45677|2235|1886|1746|5169|9498|7403|44489|24235|9079|6356|5308|1746|4540|18787|3212|46305|5028|44000|6774|4819|10476|7962|5378|45257|45746|42254|42114|2165|2934|2864|13968|48470|5028|55524|4889|50775|15994|49168|20742|3212|3352|2584|21371|2934|47073|28705|4190|17949|10057|3282|2584|8381|15644|3003|2793|8800|5239|47492|5238|3352|18089|6984|14666|3423|2514|
7822|2794|24445|4540|46515|6844|14108|3562|14458|8940|3283|2724|5028|5098|2863|3631|4191|6076|3213|48330|3352|2933|23327|48400|44559|5377|15853|2654|6216|17600|46025|3213|8940|3003|49029|2305|2026|1886|5168|10267|7543|53638|141498|11594|9219|5378|1886|5657|28635|3352|52940|5796|45396|7054|5588|9918|9848|6216|45327|45606|42952|42394|2654|3422|3004|23606|48888|5169|41835|3422|40159|13549|46445|19276|3212|3352|2793|24584|2863|45676|29403|4679|18019|9848|3492|2794|8381|16204|3004|3282|8311|5866|47701|5238|3562|18019|6565|14667|2585|2584|
6914|2793|24445|4610|46235|7473|14108|3911|16972|9219|3283|2724|4749|4610|2864|3911|4051|6146|3282|47422|3352|3143|24933|97289|47492|7333|19625|3213|6565|21720|47282|3631|6425|2723|43930|2864|2375|2096|7333|12991|13130|59156|37156|9708|6984|5378|1956|6356|22629|3352|48680|5448|42534|7054|6146|9987|9498|6285|46584|45746|42254|42114|2305|3142|3003|20673|47701|5028|42323|3632|43930|13549|46444|19835|3213|3981|2654|27517|2933|44489|30172|4819|17740|9917|3492|3423|8241|15714|2934|2794|8869|7822|47212|5238|3632|18299|7123|14806|2585|2584|
7683|2864|27238|4540|46165|6844|14387|3911|17949|9289|3492|3212|5517|5238|2863|4470|4190|6076|3422|48051|3352|3143|23746|48540|43720|6006|16902|2654|6076|19066|46654|3632|6496|2933|50705|2374|1816|1816|5028|9149|7543|44419|24724|8939|6426|5098|1746|4330|19137|3003|47562|5099|42324|6635|5796|9988|7612|4819|46445|45676|41625|41695|2234|2933|2863|14667|47841|4889|42883|3073|40647|13060|46724|19066|3003|3632|2444|18927|2724|44419|27378|3981|17810|9358|3562|2654|8311|15505|2933|3282|8451|5378|46794|5168|3213|22768|7473|20045|2654|2934|
8031|2933|28006|5099|52590|6914|15016|4330|18089|12292|4051|3212|6146|6355|2864|4539|4260|6146|4191|50425|3911|3283|26958|51613|48120|7264|26610|3772|8800|29752|49447|3492|6496|2654|44489|2305|2026|1956|6705|11524|7822|46933|27238|9079|6565|5168|1956|4959|21930|3422|46584|5098|43651|7124|5238|9638|8591|8451|44908|45327|42743|44908|2305|3143|2933|16902|48121|5029|41975|3212|41556|13340|47143|18858|3213|3562|2654|20463|2863|44349|25562|3911|18368|9359|3562|3073|8102|16273|2933|2794|8450|5168|47073|5099|3143|17949|6495|14737|2654|2375|
6705|2724|24165|5029|47003|7264|14178|3562|13968|9009|3282|3143|4540|4470|2863|3562|3981|6146|3073|46793|3283|2863|29612|48609|44140|5587|14807|2724|6146|18019|46235|2933|6216|2514|44629|2165|1676|1747|5029|8940|7543|45397|24304|8940|6077|5168|2095|4609|18718|2933|47562|5099|48679|6845|4261|9358|6355|3911|44628|45327|41905|41695|2165|2724|2584|13969|47911|5796|44629|2933|40578|13759|46793|18089|2724|2793|2514|15085|2724|43721|25492|5588|18648|10686|3143|2724|8800|16064|2724|3143|8800|5029|49168|5378|3073|18089|7123|16064|2794|2514|
6775|3003|26540|4400|46863|7054|13898|3353|11593|9010|3702|2654|4819|4610|2863|3492|4051|6077|2934|49098|3282|3073|23607|48470|44489|4819|15853|2654|6146|17600|46794|3492|6355|2514|45187|2165|1747|1746|4958|9010|7404|44839|24375|9079|6286|5168|1676|4470|18508|2793|47842|5308|42114|7194|4400|9568|6495|4190|45396|46234|41765|41625|2235|2724|2724|13480|47631|4958|43581|2933|40369|13060|46584|18298|3212|2864|2444|15435|2724|44350|26121|3632|18019|9149|2863|2445|7682|15645|2654|2515|8311|4470|46933|5029|2933|18159|7613|14876|2724|2723|
6985|2793|24305|4470|45746|6775|13969|3492|10895|9220|3282|2514|4749|4400|2864|3142|4051|6495|2934|47772|3353|2864|23676|48400|44769|4679|16063|2724|6216|18438|46723|3003|6146|2654|43232|2166|1746|1746|5238|10057|7822|45676|24584|9219|6635|5238|2235|4959|19556|2934|47003|5238|42114|7263|5098|9917|10337|6565|46723|59784|47981|43023|2375|3073|3073|20115|48679|5866|41835|3422|40857|13270|46375|23537|2933|3422|2654|24235|2794|43720|33873|5029|18089|11454|3213|2794|8101|15574|2933|3073|8381|6565|46794|4959|3771|18159|6914|14737|2724|2514|
7822|2863|25562|4540|46095|7543|14178|3422|16413|9010|3212|2864|5727|5029|2863|4190|3981|5937|3562|50984|3841|3352|25842|49448|44978|6077|15714|2794|6705|19067|47212|3422|6356|2585|46515|2305|1746|1885|5098|9917|7613|45257|25702|9149|6356|5867|1816|4680|18997|3074|47352|5238|42603|6775|4679|9499|6425|4819|44349|45257|41905|41556|2235|2724|2514|13480|50705|5238|44070|3003|41136|13480|46514|18298|2724|2933|2515|16902|2584|44559|25283|3842|17670|9429|2863|2584|7613|17670|2724|2724|8660|4959|47283|4959|2933|18369|7123|28286|3632|2584|
8450|4051|29054|4889|50705|7054|16343|3282|14248|12431|3981|2794|5378|5098|2864|3702|4121|6216|3282|48470|3702|3213|24514|49238|45397|5797|18508|2794|6216|22629|47841|3423|6216|2584|44558|2235|1816|1955|5866|9288|7474|44279|24165|8800|6146|5098|1816|4330|18927|3003|46166|5866|44489|6704|4330|9778|7472|4400|44908|46584|41975|42463|2235|2863|2584|13550|47422|4958|41835|3003|40089|13270|46305|19136|3142|2934|2515|15994|2654|46654|25212|3632|17740|9429|3073|3073|7683|15435|2654|2724|8311|4400|46235|5099|4050|18997|6774|14876|2724|2444|
6844|2793|23746|4330|45258|6845|13689|3352|11105|9219|3282|3073|4330|4261|2863|3492|4331|5936|2863|47562|3422|2724|23606|48120|43721|4400|14458|2723|6076|17810|46095|3073|6146|2584|44419|2165|1676|1955|4958|9079|7333|45467|24585|8870|6425|5308|1746|4331|19415|2864|46724|5029|42882|6844|4260|9568|6565|3981|45327|45676|41835|41555|2026|2794|2514|13759|48050|4959|43162|3004|41556|13200|46864|18159|2793|19206|3701|17251|2724|46584|25702|3561|17879|9428|3003|2584|7613|16203|2724|2863|8520|4889|47143|5308|3213|17949|6635|14666|2584|2514|
6775|3282|24515|4400|45816|6914|13759|3143|11593|9080|3422|4680|5517|4819|3073|3492|4330|6495|3213|50146|3493|2864|25422|49308|44978|5028|15854|2654|6355|18648|46375|3073|6356|2654|44000|2165|1816|1816|4959|9568|7752|45118|24235|9568|6426|5239|1746|4400|18717|2863|49239|5238|42045|6844|4819|9568|6425|4120|44279|46654|42394|42673|2165|2794|2515|14178|48610|4959|45886|3003|42254|13689|46095|17949|2864|2794|2444|15296|2584|44908|25212|3632|17461|9219|2934|2584|8730|16203|2654|2584|8101|4540|46654|5168|3073|17949|6425|15016|2584|2654|
6775|2793|25003|4540|46724|6844|13968|3771|12223|9708|3422|2584|4820|4749|2864|3353|4051|6006|3004|47422|3353|2794|23676|48121|44489|4889|15575|2793|6076|18298|46304|3003|6286|2514|46514|2165|1816|1746|4959|9149|7543|44629|24305|8800|6216|5098|1746|4400|18787|3003|47911|5098|43022|6704|4330|9568|6565|4400|44769|45187|41974|41765|2235|2934|2724|15296|48330|7962|48610|4120|50146|16971|108604|36666|3492|4190|2794|27238|3073|48121|44070|4959|18089|15016|3562|3143|7822|16413|3143|2933|8800|6914|48261|6915|3911|19067|9988|15016|2584|2724|
10756|2934|24794|4400|47492|7054|14388|3911|17461|9777|3422|3143|6915|6495|3492|4260|4260|6216|3353|48121|3422|3283|24235|51752|58806|9289|22279|3073|7124|20673|48889|3492|6425|2514|44489|2584|1816|2096|5936|10826|7473|46235|30870|9150|6984|5308|1956|5937|21232|3701|47492|5447|44838|6845|5169|9987|8940|7403|48260|48050|41974|43092|2374|3352|2863|18159|48539|5099|43372|3003|40787|13689|47004|19695|3003|3353|3003|23816|3911|46514|30381|4260|18368|9918|3282|3422|8451|15923|2934|5028|11663|6356|47632|5308|3422|21651|7403|16901|2724|3562|
8381|2863|27587|4470|46794|6845|14318|3911|16133|9359|3492|2724|5308|6076|2934|4051|4051|6216|3143|46933|3423|4191|24165|49727|44489|6006|16901|2724|6076|17670|46584|3423|6495|2584|44070|2305|1746|1746|4889|9429|7403|45886|24654|8870|11873|7543|3003|11174|57828|4539|51752|5378|43023|7404|5028|11873|7613|5029|44489|45397|42045|42813|2305|3562|2864|16273|48959|5099|42185|3073|40857|13269|46794|18997|3003|3492|2585|19486|2793|44280|30940|3911|17460|9358|3073|3212|8241|16622|3073|3143|8591|5308|47911|5029|3213|18089|6356|19695|2794|2584|
7194|2863|24095|4400|46305|6984|14946|3771|13968|9149|3213|2585|4330|4819|2864|3702|4121|6146|3073|47911|3352|3003|23606|48051|44139|5168|14597|3143|6565|18088|47282|3423|6635|2515|44838|2235|1955|1816|4819|9149|8171|45187|24235|9080|6146|5098|1746|4331|18507|3422|47492|5308|42254|6844|4260|9498|6286|4051|44489|45397|42673|41905|2235|2724|2514|13689|48121|4959|42394|2934|43931|13549|46584|18159|2724|2654|2444|15365|2585|45257|25422|3492|17809|9289|2863|2515|7822|15365|2724|2445|8450|4889|47771|5098|3073|18507|8381|15225|2584|2515|
6845|2724|24375|4400|46585|6845|13968|3143|9987|9080|3282|3143|4540|4959|2933|3212|4330|6006|2794|47841|3352|2724|23467|48121|44349|4889|21930|4330|7962|19206|48889|3073|6635|2654|47073|2304|1746|1816|5028|9708|7543|45257|25422|9708|6425|5308|1746|4470|19556|3073|47562|5169|43023|6914|4680|10127|6915|6565|48121|57270|50844|57200|2375|3073|2724|15715|54965|5238|50146|3073|47492|13200|53988|20463|2934|3213|2375|40298|4470|49378|30311|4051|18159|10336|3283|2654|7542|16203|3073|2794|8661|5447|48121|5657|3282|18298|7124|16692|3143|2584|
8172|2793|24724|4470|47003|7054|14457|3981|16204|9288|3283|3911|6007|6286|3213|4050|4260|6215|3352|50076|3492|3143|26330|48400|45746|6006|19415|2794|6216|23117|47841|3492|6216|2654|45257|2514|2304|1886|5727|11105|8450|48609|117892|11105|8241|7194|2584|7473|26889|4190|72146|10127|52869|10267|8731|21232|19416|9848|116845|50914|1168375|56990|3282|4958|4400|37575|51752|10615|47841|4750|46375|14248|54476|51403|3422|4190|3212|39809|3213|52939|64813|5238|17670|20184|3632|3143|8101|16343|3143|3003|8660|7543|54825|5377|3771|18508|11664|14597|2654|2654|
